Date,position,raw_position,pnl,trade,pnl_tc
2015-01-02,0.0,0,,,
2015-01-05,0.0,0,,0.0,
2015-01-06,0.0,0,,0.0,
2015-01-07,0.0,0,,0.0,
2015-01-08,0.0,0,,0.0,
2015-01-09,0.0,0,,0.0,
2015-01-12,0.0,0,,0.0,
2015-01-13,0.0,0,,0.0,
2015-01-14,0.0,0,,0.0,
2015-01-15,0.0,0,,0.0,
2015-01-16,0.0,0,,0.0,
2015-01-20,0.0,0,,0.0,
2015-01-21,0.0,0,,0.0,
2015-01-22,0.0,0,,0.0,
2015-01-23,0.0,0,,0.0,
2015-01-26,0.0,0,,0.0,
2015-01-27,0.0,0,,0.0,
2015-01-28,0.0,0,,0.0,
2015-01-29,0.0,0,,0.0,
2015-01-30,0.0,0,,0.0,
2015-02-02,0.0,0,,0.0,
2015-02-03,0.0,0,,0.0,
2015-02-04,0.0,0,,0.0,
2015-02-05,0.0,0,,0.0,
2015-02-06,0.0,0,,0.0,
2015-02-09,0.0,0,,0.0,
2015-02-10,0.0,0,,0.0,
2015-02-11,0.0,0,,0.0,
2015-02-12,0.0,0,,0.0,
2015-02-13,0.0,0,,0.0,
2015-02-17,0.0,0,,0.0,
2015-02-18,0.0,0,,0.0,
2015-02-19,0.0,0,,0.0,
2015-02-20,0.0,0,,0.0,
2015-02-23,0.0,0,,0.0,
2015-02-24,0.0,0,,0.0,
2015-02-25,0.0,0,,0.0,
2015-02-26,0.0,0,,0.0,
2015-02-27,0.0,0,,0.0,
2015-03-02,0.0,0,,0.0,
2015-03-03,0.0,0,,0.0,
2015-03-04,0.0,0,,0.0,
2015-03-05,0.0,0,,0.0,
2015-03-06,0.0,0,,0.0,
2015-03-09,0.0,0,,0.0,
2015-03-10,0.0,0,,0.0,
2015-03-11,0.0,0,,0.0,
2015-03-12,0.0,0,,0.0,
2015-03-13,0.0,0,,0.0,
2015-03-16,0.0,0,,0.0,
2015-03-17,0.0,0,,0.0,
2015-03-18,0.0,0,,0.0,
2015-03-19,0.0,0,,0.0,
2015-03-20,0.0,0,,0.0,
2015-03-23,0.0,0,,0.0,
2015-03-24,0.0,0,,0.0,
2015-03-25,0.0,0,,0.0,
2015-03-26,0.0,0,,0.0,
2015-03-27,0.0,0,,0.0,
2015-03-30,0.0,0,,0.0,
2015-03-31,0.0,0,,0.0,
2015-04-01,0.0,0,-0.0,0.0,-0.0
2015-04-02,0.0,0,-0.0,0.0,-0.0
2015-04-06,0.0,0,-0.0,0.0,-0.0
2015-04-07,0.0,0,-0.0,0.0,-0.0
2015-04-08,0.0,0,0.0,0.0,0.0
2015-04-09,0.0,0,-0.0,0.0,-0.0
2015-04-10,0.0,0,-0.0,0.0,-0.0
2015-04-13,0.0,0,-0.0,0.0,-0.0
2015-04-14,0.0,0,-0.0,0.0,-0.0
2015-04-15,0.0,0,-0.0,0.0,-0.0
2015-04-16,0.0,0,0.0,0.0,0.0
2015-04-17,0.0,0,0.0,0.0,0.0
2015-04-20,0.0,0,0.0,0.0,0.0
2015-04-21,0.0,0,0.0,0.0,0.0
2015-04-22,0.0,0,0.0,0.0,0.0
2015-04-23,0.0,0,0.0,0.0,0.0
2015-04-24,0.0,0,-0.0,0.0,-0.0
2015-04-27,0.0,0,-0.0,0.0,-0.0
2015-04-28,0.0,0,-0.0,0.0,-0.0
2015-04-29,0.0,0,-0.0,0.0,-0.0
2015-04-30,0.0,0,-0.0,0.0,-0.0
2015-05-01,0.0,0,-0.0,0.0,-0.0
2015-05-04,0.0,0,-0.0,0.0,-0.0
2015-05-05,0.0,0,-0.0,0.0,-0.0
2015-05-06,0.0,0,-0.0,0.0,-0.0
2015-05-07,0.0,0,-0.0,0.0,-0.0
2015-05-08,0.0,0,0.0,0.0,0.0
2015-05-11,0.0,0,-0.0,0.0,-0.0
2015-05-12,0.0,0,-0.0,0.0,-0.0
2015-05-13,0.0,0,-0.0,0.0,-0.0
2015-05-14,0.0,0,-0.0,0.0,-0.0
2015-05-15,0.0,0,-0.0,0.0,-0.0
2015-05-18,0.0,0,0.0,0.0,0.0
2015-05-19,0.0,0,0.0,0.0,0.0
2015-05-20,0.0,0,-0.0,0.0,-0.0
2015-05-21,0.0,0,-0.0,0.0,-0.0
2015-05-22,0.0,0,-0.0,0.0,-0.0
2015-05-26,0.0,0,0.0,0.0,0.0
2015-05-27,0.0,0,0.0,0.0,0.0
2015-05-28,0.0,0,0.0,0.0,0.0
2015-05-29,0.0,0,0.0,0.0,0.0
2015-06-01,0.0,0,0.0,0.0,0.0
2015-06-02,0.0,0,0.0,0.0,0.0
2015-06-03,0.0,0,-0.0,0.0,-0.0
2015-06-04,0.0,0,0.0,0.0,0.0
2015-06-05,0.0,0,0.0,0.0,0.0
2015-06-08,0.0,0,0.0,0.0,0.0
2015-06-09,0.0,0,0.0,0.0,0.0
2015-06-10,0.0,0,0.0,0.0,0.0
2015-06-11,0.0,0,0.0,0.0,0.0
2015-06-12,0.0,0,-0.0,0.0,-0.0
2015-06-15,0.0,0,-0.0,0.0,-0.0
2015-06-16,0.0,0,0.0,0.0,0.0
2015-06-17,0.0,0,0.0,0.0,0.0
2015-06-18,0.0,0,0.0,0.0,0.0
2015-06-19,0.0,0,-0.0,0.0,-0.0
2015-06-22,0.0,0,0.0,0.0,0.0
2015-06-23,0.0,0,0.0,0.0,0.0
2015-06-24,0.0,0,-0.0,0.0,-0.0
2015-06-25,0.0,0,-0.0,0.0,-0.0
2015-06-26,0.0,0,-0.0,0.0,-0.0
2015-06-29,0.0,0,-0.0,0.0,-0.0
2015-06-30,0.0,0,-0.0,0.0,-0.0
2015-07-01,0.0,0,-0.0,0.0,-0.0
2015-07-02,0.0,0,-0.0,0.0,-0.0
2015-07-06,0.0,0,-0.0,0.0,-0.0
2015-07-07,0.0,0,-0.0,0.0,-0.0
2015-07-08,0.0,0,0.0,0.0,0.0
2015-07-09,0.0,0,0.0,0.0,0.0
2015-07-10,0.0,0,-0.0,0.0,-0.0
2015-07-13,0.0,0,-0.0,0.0,-0.0
2015-07-14,0.0,0,0.0,0.0,0.0
2015-07-15,0.0,0,-0.0,0.0,-0.0
2015-07-16,0.0,0,-0.0,0.0,-0.0
2015-07-17,0.0,0,-0.0,0.0,-0.0
2015-07-20,0.0,0,-0.0,0.0,-0.0
2015-07-21,0.0,0,-0.0,0.0,-0.0
2015-07-22,0.0,0,-0.0,0.0,-0.0
2015-07-23,0.0,0,-0.0,0.0,-0.0
2015-07-24,0.0,0,-0.0,0.0,-0.0
2015-07-27,0.0,0,0.0,0.0,0.0
2015-07-28,0.0,0,-0.0,0.0,-0.0
2015-07-29,0.0,0,-0.0,0.0,-0.0
2015-07-30,0.0,0,0.0,0.0,0.0
2015-07-31,0.0,0,0.0,0.0,0.0
2015-08-03,0.0,0,-0.0,0.0,-0.0
2015-08-04,0.0,0,-0.0,0.0,-0.0
2015-08-05,0.0,0,-0.0,0.0,-0.0
2015-08-06,0.0,0,-0.0,0.0,-0.0
2015-08-07,0.0,0,-0.0,0.0,-0.0
2015-08-10,0.0,0,0.0,0.0,0.0
2015-08-11,0.0,0,0.0,0.0,0.0
2015-08-12,0.0,0,0.0,0.0,0.0
2015-08-13,0.0,0,-0.0,0.0,-0.0
2015-08-14,0.0,0,0.0,0.0,0.0
2015-08-17,0.0,0,0.0,0.0,0.0
2015-08-18,0.0,0,0.0,0.0,0.0
2015-08-19,0.0,0,0.0,0.0,0.0
2015-08-20,0.0,0,0.0,0.0,0.0
2015-08-21,0.0,0,0.0,0.0,0.0
2015-08-24,0.0,0,0.0,0.0,0.0
2015-08-25,0.0,0,-0.0,0.0,-0.0
2015-08-26,0.0,0,-0.0,0.0,-0.0
2015-08-27,0.0,0,-0.0,0.0,-0.0
2015-08-28,0.0,0,-0.0,0.0,-0.0
2015-08-31,0.0,0,-0.0,0.0,-0.0
2015-09-01,0.0,0,-0.0,0.0,-0.0
2015-09-02,0.0,0,-0.0,0.0,-0.0
2015-09-03,0.0,0,-0.0,0.0,-0.0
2015-09-04,0.0,0,-0.0,0.0,-0.0
2015-09-08,0.0,0,-0.0,0.0,-0.0
2015-09-09,0.0,0,-0.0,0.0,-0.0
2015-09-10,0.0,0,-0.0,0.0,-0.0
2015-09-11,0.0,0,-0.0,0.0,-0.0
2015-09-14,0.0,0,-0.0,0.0,-0.0
2015-09-15,0.0,0,-0.0,0.0,-0.0
2015-09-16,0.0,0,0.0,0.0,0.0
2015-09-17,0.0,0,0.0,0.0,0.0
2015-09-18,0.0,0,-0.0,0.0,-0.0
2015-09-21,0.0,0,-0.0,0.0,-0.0
2015-09-22,0.0,0,0.0,0.0,0.0
2015-09-23,0.0,0,-0.0,0.0,-0.0
2015-09-24,0.0,0,0.0,0.0,0.0
2015-09-25,0.0,0,0.0,0.0,0.0
2015-09-28,0.0,0,0.0,0.0,0.0
2015-09-29,0.0,0,0.0,0.0,0.0
2015-09-30,0.0,0,0.0,0.0,0.0
2015-10-01,0.0,0,-0.0,0.0,-0.0
2015-10-02,0.0,0,0.0,0.0,0.0
2015-10-05,0.0,0,0.0,0.0,0.0
2015-10-06,0.0,0,-0.0,0.0,-0.0
2015-10-07,0.0,0,-0.0,0.0,-0.0
2015-10-08,0.0,0,0.0,0.0,0.0
2015-10-09,0.0,0,-0.0,0.0,-0.0
2015-10-12,0.0,0,0.0,0.0,0.0
2015-10-13,0.0,0,-0.0,0.0,-0.0
2015-10-14,0.0,0,0.0,0.0,0.0
2015-10-15,0.0,0,-0.0,0.0,-0.0
2015-10-16,0.0,0,-0.0,0.0,-0.0
2015-10-19,0.0,0,-0.0,0.0,-0.0
2015-10-20,0.0,0,0.0,0.0,0.0
2015-10-21,0.0,0,-0.0,0.0,-0.0
2015-10-22,0.0,0,-0.0,0.0,-0.0
2015-10-23,0.0,0,-0.0,0.0,-0.0
2015-10-26,0.0,0,0.0,0.0,0.0
2015-10-27,0.0,0,0.0,0.0,0.0
2015-10-28,0.0,0,0.0,0.0,0.0
2015-10-29,0.0,0,0.0,0.0,0.0
2015-10-30,0.0,0,0.0,0.0,0.0
2015-11-02,0.0,0,0.0,0.0,0.0
2015-11-03,0.0,0,0.0,0.0,0.0
2015-11-04,0.0,0,-0.0,0.0,-0.0
2015-11-05,0.0,0,0.0,0.0,0.0
2015-11-06,0.0,0,-0.0,0.0,-0.0
2015-11-09,0.0,0,-0.0,0.0,-0.0
2015-11-10,0.0,0,0.0,0.0,0.0
2015-11-11,0.0,0,-0.0,0.0,-0.0
2015-11-12,0.0,0,-0.0,0.0,-0.0
2015-11-13,0.0,0,-0.0,0.0,-0.0
2015-11-16,0.0,0,-0.0,0.0,-0.0
2015-11-17,0.0,0,0.0,0.0,0.0
2015-11-18,0.0,0,0.0,0.0,0.0
2015-11-19,0.0,0,0.0,0.0,0.0
2015-11-20,0.0,0,-0.0,0.0,-0.0
2015-11-23,0.0,0,0.0,0.0,0.0
2015-11-24,0.0,0,0.0,0.0,0.0
2015-11-25,0.0,0,-0.0,0.0,-0.0
2015-11-27,0.0,0,-0.0,0.0,-0.0
2015-11-30,0.0,0,-0.0,0.0,-0.0
2015-12-01,0.0,0,-0.0,0.0,-0.0
2015-12-02,0.0,0,0.0,0.0,0.0
2015-12-03,0.0,0,-0.0,0.0,-0.0
2015-12-04,0.0,0,0.0,0.0,0.0
2015-12-07,0.0,0,0.0,0.0,0.0
2015-12-08,0.0,0,0.0,0.0,0.0
2015-12-09,0.0,0,0.0,0.0,0.0
2015-12-10,0.0,0,0.0,0.0,0.0
2015-12-11,0.0,0,0.0,0.0,0.0
2015-12-14,0.0,0,0.0,0.0,0.0
2015-12-15,0.0,0,0.0,0.0,0.0
2015-12-16,0.0,0,0.0,0.0,0.0
2015-12-17,0.0,0,0.0,0.0,0.0
2015-12-18,0.0,0,0.0,0.0,0.0
2015-12-21,0.0,0,0.0,0.0,0.0
2015-12-22,0.0,0,0.0,0.0,0.0
2015-12-23,0.0,0,0.0,0.0,0.0
2015-12-24,0.0,0,0.0,0.0,0.0
2015-12-28,0.0,0,0.0,0.0,0.0
2015-12-29,0.0,0,0.0,0.0,0.0
2015-12-30,0.0,0,-0.0,0.0,-0.0
2015-12-31,0.0,0,-0.0,0.0,-0.0
2016-01-04,0.0,0,0.0,0.0,0.0
2016-01-05,0.0,0,0.0,0.0,0.0
2016-01-06,0.0,0,0.0,0.0,0.0
2016-01-07,0.0,0,0.0,0.0,0.0
2016-01-08,0.0,0,0.0,0.0,0.0
2016-01-11,0.0,0,0.0,0.0,0.0
2016-01-12,0.0,0,0.0,0.0,0.0
2016-01-13,0.0,0,0.0,0.0,0.0
2016-01-14,0.0,0,0.0,0.0,0.0
2016-01-15,0.0,0,0.0,0.0,0.0
2016-01-19,0.0,0,0.0,0.0,0.0
2016-01-20,0.0,0,0.0,0.0,0.0
2016-01-21,0.0,0,0.0,0.0,0.0
2016-01-22,0.0,0,-0.0,0.0,-0.0
2016-01-25,0.0,0,-0.0,0.0,-0.0
2016-01-26,0.0,0,-0.0,0.0,-0.0
2016-01-27,0.0,0,-0.0,0.0,-0.0
2016-01-28,0.0,0,-0.0,0.0,-0.0
2016-01-29,0.0,0,-0.0,0.0,-0.0
2016-02-01,0.0,0,-0.0,0.0,-0.0
2016-02-02,0.0,0,-0.0,0.0,-0.0
2016-02-03,0.0,0,-0.0,0.0,-0.0
2016-02-04,0.0,0,-0.0,0.0,-0.0
2016-02-05,0.0,0,-0.0,0.0,-0.0
2016-02-08,0.0,0,0.0,0.0,0.0
2016-02-09,0.0,0,0.0,0.0,0.0
2016-02-10,0.0,0,-0.0,0.0,-0.0
2016-02-11,0.0,0,0.0,0.0,0.0
2016-02-12,0.0,0,0.0,0.0,0.0
2016-02-16,0.0,0,0.0,0.0,0.0
2016-02-17,0.0,0,0.0,0.0,0.0
2016-02-18,0.0,0,-0.0,0.0,-0.0
2016-02-19,0.0,0,-0.0,0.0,-0.0
2016-02-22,0.0,0,-0.0,0.0,-0.0
2016-02-23,0.0,0,-0.0,0.0,-0.0
2016-02-24,0.0,0,-0.0,0.0,-0.0
2016-02-25,0.0,0,-0.0,0.0,-0.0
2016-02-26,0.0,0,-0.0,0.0,-0.0
2016-02-29,0.0,0,-0.0,0.0,-0.0
2016-03-01,0.0,0,-0.0,0.0,-0.0
2016-03-02,0.0,0,-0.0,0.0,-0.0
2016-03-03,0.0,0,-0.0,0.0,-0.0
2016-03-04,0.0,0,-0.0,0.0,-0.0
2016-03-07,0.0,0,-0.0,0.0,-0.0
2016-03-08,0.0,0,-0.0,0.0,-0.0
2016-03-09,0.0,0,-0.0,0.0,-0.0
2016-03-10,0.0,0,-0.0,0.0,-0.0
2016-03-11,0.0,0,-0.0,0.0,-0.0
2016-03-14,0.0,0,-0.0,0.0,-0.0
2016-03-15,0.0,0,-0.0,0.0,-0.0
2016-03-16,0.0,0,-0.0,0.0,-0.0
2016-03-17,0.0,0,-0.0,0.0,-0.0
2016-03-18,0.0,0,-0.0,0.0,-0.0
2016-03-21,0.0,0,-0.0,0.0,-0.0
2016-03-22,0.0,0,-0.0,0.0,-0.0
2016-03-23,0.0,0,-0.0,0.0,-0.0
2016-03-24,0.0,0,-0.0,0.0,-0.0
2016-03-28,0.0,0,-0.0,0.0,-0.0
2016-03-29,0.0,0,-0.0,0.0,-0.0
2016-03-30,0.0,0,-0.0,0.0,-0.0
2016-03-31,0.0,0,-0.0,0.0,-0.0
2016-04-01,0.0,0,-0.0,0.0,-0.0
2016-04-04,0.0,0,-0.0,0.0,-0.0
2016-04-05,0.0,0,-0.0,0.0,-0.0
2016-04-06,0.0,0,-0.0,0.0,-0.0
2016-04-07,0.0,0,0.0,0.0,0.0
2016-04-08,0.0,0,0.0,0.0,0.0
2016-04-11,0.0,0,0.0,0.0,0.0
2016-04-12,0.0,0,0.0,0.0,0.0
2016-04-13,0.0,0,0.0,0.0,0.0
2016-04-14,0.0,0,0.0,0.0,0.0
2016-04-15,0.0,0,0.0,0.0,0.0
2016-04-18,0.0,0,-0.0,0.0,-0.0
2016-04-19,0.0,0,-0.0,0.0,-0.0
2016-04-20,0.0,0,-0.0,0.0,-0.0
2016-04-21,0.0,0,0.0,0.0,0.0
2016-04-22,0.0,0,0.0,0.0,0.0
2016-04-25,0.0,0,-0.0,0.0,-0.0
2016-04-26,0.0,0,0.0,0.0,0.0
2016-04-27,0.0,0,0.0,0.0,0.0
2016-04-28,0.0,0,0.0,0.0,0.0
2016-04-29,0.0,0,0.0,0.0,0.0
2016-05-02,0.0,0,0.0,0.0,0.0
2016-05-03,0.0,0,0.0,0.0,0.0
2016-05-04,0.0,0,0.0,0.0,0.0
2016-05-05,0.0,0,0.0,0.0,0.0
2016-05-06,0.0,0,0.0,0.0,0.0
2016-05-09,0.0,0,0.0,0.0,0.0
2016-05-10,0.0,0,0.0,0.0,0.0
2016-05-11,0.0,0,0.0,0.0,0.0
2016-05-12,0.0,0,0.0,0.0,0.0
2016-05-13,0.0,0,0.0,0.0,0.0
2016-05-16,0.0,0,0.0,0.0,0.0
2016-05-17,0.0,0,0.0,0.0,0.0
2016-05-18,0.0,0,0.0,0.0,0.0
2016-05-19,0.0,0,0.0,0.0,0.0
2016-05-20,0.0,0,0.0,0.0,0.0
2016-05-23,0.0,0,0.0,0.0,0.0
2016-05-24,0.0,0,0.0,0.0,0.0
2016-05-25,0.0,0,0.0,0.0,0.0
2016-05-26,0.0,0,0.0,0.0,0.0
2016-05-27,0.0,0,0.0,0.0,0.0
2016-05-31,0.0,0,0.0,0.0,0.0
2016-06-01,0.0,0,0.0,0.0,0.0
2016-06-02,0.0,0,0.0,0.0,0.0
2016-06-03,0.0,0,0.0,0.0,0.0
2016-06-06,0.0,0,0.0,0.0,0.0
2016-06-07,0.0,0,0.0,0.0,0.0
2016-06-08,0.0,0,-0.0,0.0,-0.0
2016-06-09,0.0,0,-0.0,0.0,-0.0
2016-06-10,0.0,0,-0.0,0.0,-0.0
2016-06-13,0.0,0,-0.0,0.0,-0.0
2016-06-14,0.0,0,-0.0,0.0,-0.0
2016-06-15,0.0,0,-0.0,0.0,-0.0
2016-06-16,0.0,0,-0.0,0.0,-0.0
2016-06-17,0.0,0,-0.0,0.0,-0.0
2016-06-20,0.0,0,-0.0,0.0,-0.0
2016-06-21,0.0,0,-0.0,0.0,-0.0
2016-06-22,0.0,0,-0.0,0.0,-0.0
2016-06-23,0.0,0,-0.0,0.0,-0.0
2016-06-24,0.0,0,-0.0,0.0,-0.0
2016-06-27,0.0,0,-0.0,0.0,-0.0
2016-06-28,0.0,0,0.0,0.0,0.0
2016-06-29,0.0,0,0.0,0.0,0.0
2016-06-30,0.0,0,-0.0,0.0,-0.0
2016-07-01,0.0,0,0.0,0.0,0.0
2016-07-05,0.0,0,0.0,0.0,0.0
2016-07-06,0.0,0,0.0,0.0,0.0
2016-07-07,0.0,0,0.0,0.0,0.0
2016-07-08,0.0,0,0.0,0.0,0.0
2016-07-11,0.0,0,0.0,0.0,0.0
2016-07-12,0.0,0,0.0,0.0,0.0
2016-07-13,0.0,0,0.0,0.0,0.0
2016-07-14,0.0,0,0.0,0.0,0.0
2016-07-15,0.0,0,0.0,0.0,0.0
2016-07-18,0.0,0,0.0,0.0,0.0
2016-07-19,0.0,0,0.0,0.0,0.0
2016-07-20,0.0,0,0.0,0.0,0.0
2016-07-21,0.0,0,0.0,0.0,0.0
2016-07-22,0.0,0,0.0,0.0,0.0
2016-07-25,0.0,0,-0.0,0.0,-0.0
2016-07-26,0.0,0,-0.0,0.0,-0.0
2016-07-27,0.0,0,-0.0,0.0,-0.0
2016-07-28,0.0,0,0.0,0.0,0.0
2016-07-29,0.0,0,0.0,0.0,0.0
2016-08-01,0.0,0,0.0,0.0,0.0
2016-08-02,0.0,0,0.0,0.0,0.0
2016-08-03,0.0,0,0.0,0.0,0.0
2016-08-04,0.0,0,0.0,0.0,0.0
2016-08-05,0.0,0,0.0,0.0,0.0
2016-08-08,0.0,0,0.0,0.0,0.0
2016-08-09,0.0,0,0.0,0.0,0.0
2016-08-10,0.0,0,0.0,0.0,0.0
2016-08-11,0.0,0,0.0,0.0,0.0
2016-08-12,0.0,0,0.0,0.0,0.0
2016-08-15,0.0,0,0.0,0.0,0.0
2016-08-16,0.0,0,0.0,0.0,0.0
2016-08-17,0.0,0,0.0,0.0,0.0
2016-08-18,0.0,0,0.0,0.0,0.0
2016-08-19,0.0,0,0.0,0.0,0.0
2016-08-22,0.0,0,0.0,0.0,0.0
2016-08-23,0.0,0,0.0,0.0,0.0
2016-08-24,0.0,0,0.0,0.0,0.0
2016-08-25,0.0,0,0.0,0.0,0.0
2016-08-26,0.0,0,0.0,0.0,0.0
2016-08-29,0.0,0,0.0,0.0,0.0
2016-08-30,0.0,0,0.0,0.0,0.0
2016-08-31,0.0,0,0.0,0.0,0.0
2016-09-01,0.0,0,-0.0,0.0,-0.0
2016-09-02,0.0,0,0.0,0.0,0.0
2016-09-06,0.0,0,-0.0,0.0,-0.0
2016-09-07,0.0,0,-0.0,0.0,-0.0
2016-09-08,0.0,0,-0.0,0.0,-0.0
2016-09-09,0.0,0,-0.0,0.0,-0.0
2016-09-12,0.0,0,-0.0,0.0,-0.0
2016-09-13,0.0,0,-0.0,0.0,-0.0
2016-09-14,0.0,0,-0.0,0.0,-0.0
2016-09-15,0.0,0,-0.0,0.0,-0.0
2016-09-16,0.0,0,-0.0,0.0,-0.0
2016-09-19,0.0,0,-0.0,0.0,-0.0
2016-09-20,0.0,0,-0.0,0.0,-0.0
2016-09-21,0.0,0,-0.0,0.0,-0.0
2016-09-22,0.0,0,-0.0,0.0,-0.0
2016-09-23,0.0,0,-0.0,0.0,-0.0
2016-09-26,0.0,0,-0.0,0.0,-0.0
2016-09-27,0.0,0,-0.0,0.0,-0.0
2016-09-28,0.0,0,-0.0,0.0,-0.0
2016-09-29,0.0005650679385266,1,-0.0,0.0005650679385266,-2.825339692633e-07
2016-09-30,0.0005038981745403,1,-0.00397027457531016,6.116976398630003e-05,-0.003970305160192153
2016-10-03,0.0004750735783644,1,0.0013688495678836898,2.8824596175899982e-05,0.0013688351555856018
2016-10-04,0.0004640390106202,1,0.0013949336494991837,1.1034567744200004e-05,0.0013949281322153115
2016-10-05,0.0004623534909467,1,0.000624656658748754,1.685519673500001e-06,0.0006246558159889173
2016-10-06,0.0004674865199185,1,-5.7580116734096254e-05,5.1330289717999955e-06,-5.7582683248582154e-05
2016-10-07,0.0004796751358984,1,0.0006154045530599292,1.2188615979900007e-05,0.0006153984587519393
2016-10-10,0.0,0,0.0005388764220861659,0.0004796751358984,0.0005386365845182167
2016-10-11,0.0,0,0.0,0.0,0.0
2016-10-12,0.0,0,0.0,0.0,0.0
2016-10-13,0.0,0,0.0,0.0,0.0
2016-10-14,0.0,0,0.0,0.0,0.0
2016-10-17,0.0,0,0.0,0.0,0.0
2016-10-18,0.0,0,0.0,0.0,0.0
2016-10-19,0.0,0,0.0,0.0,0.0
2016-10-20,0.0,0,0.0,0.0,0.0
2016-10-21,0.0,0,-0.0,0.0,-0.0
2016-10-24,0.0,0,0.0,0.0,0.0
2016-10-25,0.0,0,0.0,0.0,0.0
2016-10-26,0.0,0,-0.0,0.0,-0.0
2016-10-27,0.0,0,0.0,0.0,0.0
2016-10-28,0.0,0,0.0,0.0,0.0
2016-10-31,0.0,0,0.0,0.0,0.0
2016-11-01,0.0,0,0.0,0.0,0.0
2016-11-02,0.0,0,0.0,0.0,0.0
2016-11-03,0.0,0,0.0,0.0,0.0
2016-11-04,0.0,0,0.0,0.0,0.0
2016-11-07,0.0,0,0.0,0.0,0.0
2016-11-08,0.0,0,0.0,0.0,0.0
2016-11-09,0.0,0,0.0,0.0,0.0
2016-11-10,0.0,0,0.0,0.0,0.0
2016-11-11,0.0,0,-0.0,0.0,-0.0
2016-11-14,0.0,0,0.0,0.0,0.0
2016-11-15,0.0,0,0.0,0.0,0.0
2016-11-16,0.0,0,0.0,0.0,0.0
2016-11-17,0.0,0,0.0,0.0,0.0
2016-11-18,0.0,0,0.0,0.0,0.0
2016-11-21,0.0,0,0.0,0.0,0.0
2016-11-22,0.0,0,0.0,0.0,0.0
2016-11-23,0.0,0,0.0,0.0,0.0
2016-11-25,0.0,0,0.0,0.0,0.0
2016-11-28,0.0,0,0.0,0.0,0.0
2016-11-29,0.0,0,0.0,0.0,0.0
2016-11-30,0.0,0,0.0,0.0,0.0
2016-12-01,0.0,0,0.0,0.0,0.0
2016-12-02,0.0,0,-0.0,0.0,-0.0
2016-12-05,0.0,0,0.0,0.0,0.0
2016-12-06,0.0,0,-0.0,0.0,-0.0
2016-12-07,0.0,0,0.0,0.0,0.0
2016-12-08,0.0,0,-0.0,0.0,-0.0
2016-12-09,0.0,0,0.0,0.0,0.0
2016-12-12,0.0,0,-0.0,0.0,-0.0
2016-12-13,0.0,0,-0.0,0.0,-0.0
2016-12-14,0.0,0,-0.0,0.0,-0.0
2016-12-15,0.0,0,0.0,0.0,0.0
2016-12-16,0.0,0,0.0,0.0,0.0
2016-12-19,0.0,0,0.0,0.0,0.0
2016-12-20,0.0,0,0.0,0.0,0.0
2016-12-21,0.0,0,-0.0,0.0,-0.0
2016-12-22,0.0,0,0.0,0.0,0.0
2016-12-23,0.0,0,0.0,0.0,0.0
2016-12-27,0.0,0,-0.0,0.0,-0.0
2016-12-28,0.0,0,-0.0,0.0,-0.0
2016-12-29,0.0,0,-0.0,0.0,-0.0
2016-12-30,0.0,0,-0.0,0.0,-0.0
2017-01-03,0.0,0,0.0,0.0,0.0
2017-01-04,0.0,0,-0.0,0.0,-0.0
2017-01-05,0.0,0,-0.0,0.0,-0.0
2017-01-06,0.0,0,-0.0,0.0,-0.0
2017-01-09,0.0,0,-0.0,0.0,-0.0
2017-01-10,0.0,0,-0.0,0.0,-0.0
2017-01-11,0.0,0,-0.0,0.0,-0.0
2017-01-12,0.0,0,-0.0,0.0,-0.0
2017-01-13,0.0,0,-0.0,0.0,-0.0
2017-01-17,0.0,0,-0.0,0.0,-0.0
2017-01-18,0.0,0,0.0,0.0,0.0
2017-01-19,0.0,0,-0.0,0.0,-0.0
2017-01-20,0.0,0,0.0,0.0,0.0
2017-01-23,0.0,0,0.0,0.0,0.0
2017-01-24,0.0,0,0.0,0.0,0.0
2017-01-25,0.0,0,0.0,0.0,0.0
2017-01-26,0.0,0,-0.0,0.0,-0.0
2017-01-27,0.0,0,-0.0,0.0,-0.0
2017-01-30,0.0,0,-0.0,0.0,-0.0
2017-01-31,0.0,0,0.0,0.0,0.0
2017-02-01,0.0,0,-0.0,0.0,-0.0
2017-02-02,0.0,0,-0.0,0.0,-0.0
2017-02-03,0.0,0,-0.0,0.0,-0.0
2017-02-06,0.0,0,0.0,0.0,0.0
2017-02-07,0.0,0,0.0,0.0,0.0
2017-02-08,0.0,0,-0.0,0.0,-0.0
2017-02-09,0.0,0,-0.0,0.0,-0.0
2017-02-10,0.0,0,0.0,0.0,0.0
2017-02-13,0.0,0,0.0,0.0,0.0
2017-02-14,0.0,0,0.0,0.0,0.0
2017-02-15,0.0,0,0.0,0.0,0.0
2017-02-16,0.0,0,0.0,0.0,0.0
2017-02-17,0.0,0,0.0,0.0,0.0
2017-02-21,0.0,0,0.0,0.0,0.0
2017-02-22,0.0,0,0.0,0.0,0.0
2017-02-23,0.0,0,0.0,0.0,0.0
2017-02-24,0.0,0,0.0,0.0,0.0
2017-02-27,0.0,0,-0.0,0.0,-0.0
2017-02-28,0.0,0,0.0,0.0,0.0
2017-03-01,0.0,0,0.0,0.0,0.0
2017-03-02,0.0,0,0.0,0.0,0.0
2017-03-03,0.0,0,-0.0,0.0,-0.0
2017-03-06,0.0,0,-0.0,0.0,-0.0
2017-03-07,0.0,0,0.0,0.0,0.0
2017-03-08,0.0,0,-0.0,0.0,-0.0
2017-03-09,0.0,0,0.0,0.0,0.0
2017-03-10,0.0,0,-0.0,0.0,-0.0
2017-03-13,0.0,0,-0.0,0.0,-0.0
2017-03-14,0.0,0,-0.0,0.0,-0.0
2017-03-15,0.0,0,-0.0,0.0,-0.0
2017-03-16,0.0,0,-0.0,0.0,-0.0
2017-03-17,0.0,0,-0.0,0.0,-0.0
2017-03-20,0.0,0,-0.0,0.0,-0.0
2017-03-21,0.0,0,-0.0,0.0,-0.0
2017-03-22,0.0,0,-0.0,0.0,-0.0
2017-03-23,0.0,0,-0.0,0.0,-0.0
2017-03-24,0.0,0,-0.0,0.0,-0.0
2017-03-27,0.0,0,0.0,0.0,0.0
2017-03-28,0.0,0,-0.0,0.0,-0.0
2017-03-29,0.0,0,-0.0,0.0,-0.0
2017-03-30,0.0,0,-0.0,0.0,-0.0
2017-03-31,0.0,0,-0.0,0.0,-0.0
2017-04-03,0.0,0,-0.0,0.0,-0.0
2017-04-04,0.0,0,-0.0,0.0,-0.0
2017-04-05,0.0,0,-0.0,0.0,-0.0
2017-04-06,0.0,0,-0.0,0.0,-0.0
2017-04-07,0.0,0,-0.0,0.0,-0.0
2017-04-10,0.0,0,-0.0,0.0,-0.0
2017-04-11,0.0,0,-0.0,0.0,-0.0
2017-04-12,0.0,0,-0.0,0.0,-0.0
2017-04-13,0.0,0,-0.0,0.0,-0.0
2017-04-17,0.0,0,-0.0,0.0,-0.0
2017-04-18,0.0,0,-0.0,0.0,-0.0
2017-04-19,0.0,0,-0.0,0.0,-0.0
2017-04-20,0.0,0,-0.0,0.0,-0.0
2017-04-21,0.0,0,-0.0,0.0,-0.0
2017-04-24,0.0,0,-0.0,0.0,-0.0
2017-04-25,0.0,0,-0.0,0.0,-0.0
2017-04-26,0.0,0,-0.0,0.0,-0.0
2017-04-27,0.0,0,-0.0,0.0,-0.0
2017-04-28,0.0,0,-0.0,0.0,-0.0
2017-05-01,0.0,0,-0.0,0.0,-0.0
2017-05-02,0.0,0,-0.0,0.0,-0.0
2017-05-03,0.0,0,-0.0,0.0,-0.0
2017-05-04,0.0,0,-0.0,0.0,-0.0
2017-05-05,0.0,0,-0.0,0.0,-0.0
2017-05-08,0.0,0,-0.0,0.0,-0.0
2017-05-09,0.0,0,-0.0,0.0,-0.0
2017-05-10,0.0,0,-0.0,0.0,-0.0
2017-05-11,0.0,0,-0.0,0.0,-0.0
2017-05-12,0.0,0,-0.0,0.0,-0.0
2017-05-15,0.0,0,-0.0,0.0,-0.0
2017-05-16,0.0,0,-0.0,0.0,-0.0
2017-05-17,0.0,0,-0.0,0.0,-0.0
2017-05-18,0.0,0,-0.0,0.0,-0.0
2017-05-19,0.0,0,0.0,0.0,0.0
2017-05-22,0.0,0,-0.0,0.0,-0.0
2017-05-23,0.0,0,-0.0,0.0,-0.0
2017-05-24,0.0,0,-0.0,0.0,-0.0
2017-05-25,0.0,0,-0.0,0.0,-0.0
2017-05-26,0.0,0,-0.0,0.0,-0.0
2017-05-30,0.0,0,-0.0,0.0,-0.0
2017-05-31,0.0,0,0.0,0.0,0.0
2017-06-01,0.0,0,-0.0,0.0,-0.0
2017-06-02,0.0,0,-0.0,0.0,-0.0
2017-06-05,0.0,0,-0.0,0.0,-0.0
2017-06-06,0.0,0,-0.0,0.0,-0.0
2017-06-07,0.0,0,-0.0,0.0,-0.0
2017-06-08,0.0,0,-0.0,0.0,-0.0
2017-06-09,0.0,0,-0.0,0.0,-0.0
2017-06-12,0.0,0,-0.0,0.0,-0.0
2017-06-13,0.0,0,-0.0,0.0,-0.0
2017-06-14,0.0,0,-0.0,0.0,-0.0
2017-06-15,0.0,0,0.0,0.0,0.0
2017-06-16,0.0,0,0.0,0.0,0.0
2017-06-19,0.0,0,-0.0,0.0,-0.0
2017-06-20,0.0,0,0.0,0.0,0.0
2017-06-21,0.0,0,0.0,0.0,0.0
2017-06-22,0.0,0,0.0,0.0,0.0
2017-06-23,0.0,0,-0.0,0.0,-0.0
2017-06-26,0.0,0,0.0,0.0,0.0
2017-06-27,0.0,0,0.0,0.0,0.0
2017-06-28,0.0,0,0.0,0.0,0.0
2017-06-29,0.0,0,0.0,0.0,0.0
2017-06-30,0.0,0,-0.0,0.0,-0.0
2017-07-03,0.0,0,0.0,0.0,0.0
2017-07-05,0.0,0,0.0,0.0,0.0
2017-07-06,0.0,0,-0.0,0.0,-0.0
2017-07-07,0.0,0,0.0,0.0,0.0
2017-07-10,0.0,0,0.0,0.0,0.0
2017-07-11,0.0,0,0.0,0.0,0.0
2017-07-12,0.0,0,0.0,0.0,0.0
2017-07-13,0.0,0,0.0,0.0,0.0
2017-07-14,0.0,0,0.0,0.0,0.0
2017-07-17,0.0,0,0.0,0.0,0.0
2017-07-18,0.0,0,0.0,0.0,0.0
2017-07-19,0.0,0,0.0,0.0,0.0
2017-07-20,0.0,0,0.0,0.0,0.0
2017-07-21,0.0,0,0.0,0.0,0.0
2017-07-24,0.0,0,0.0,0.0,0.0
2017-07-25,0.0,0,0.0,0.0,0.0
2017-07-26,0.0,0,0.0,0.0,0.0
2017-07-27,0.0,0,0.0,0.0,0.0
2017-07-28,0.0,0,-0.0,0.0,-0.0
2017-07-31,0.0,0,-0.0,0.0,-0.0
2017-08-01,0.0,0,-0.0,0.0,-0.0
2017-08-02,0.0,0,0.0,0.0,0.0
2017-08-03,0.0,0,-0.0,0.0,-0.0
2017-08-04,0.0,0,-0.0,0.0,-0.0
2017-08-07,0.0,0,-0.0,0.0,-0.0
2017-08-08,0.0,0,0.0,0.0,0.0
2017-08-09,0.0,0,0.0,0.0,0.0
2017-08-10,0.0,0,0.0,0.0,0.0
2017-08-11,0.0,0,0.0,0.0,0.0
2017-08-14,0.0,0,0.0,0.0,0.0
2017-08-15,0.0,0,0.0,0.0,0.0
2017-08-16,0.0,0,0.0,0.0,0.0
2017-08-17,0.0,0,0.0,0.0,0.0
2017-08-18,0.0,0,0.0,0.0,0.0
2017-08-21,0.0,0,-0.0,0.0,-0.0
2017-08-22,0.0,0,0.0,0.0,0.0
2017-08-23,0.0,0,0.0,0.0,0.0
2017-08-24,0.0,0,-0.0,0.0,-0.0
2017-08-25,0.0,0,0.0,0.0,0.0
2017-08-28,0.0,0,0.0,0.0,0.0
2017-08-29,0.0,0,0.0,0.0,0.0
2017-08-30,0.0,0,-0.0,0.0,-0.0
2017-08-31,0.0,0,-0.0,0.0,-0.0
2017-09-01,0.0,0,-0.0,0.0,-0.0
2017-09-05,0.0,0,0.0,0.0,0.0
2017-09-06,0.0,0,-0.0,0.0,-0.0
2017-09-07,0.0,0,-0.0,0.0,-0.0
2017-09-08,0.0,0,-0.0,0.0,-0.0
2017-09-11,0.0,0,0.0,0.0,0.0
2017-09-12,0.0,0,-0.0,0.0,-0.0
2017-09-13,0.0,0,0.0,0.0,0.0
2017-09-14,0.0,0,0.0,0.0,0.0
2017-09-15,0.0,0,0.0,0.0,0.0
2017-09-18,0.0,0,0.0,0.0,0.0
2017-09-19,0.0,0,0.0,0.0,0.0
2017-09-20,0.0,0,0.0,0.0,0.0
2017-09-21,0.0,0,0.0,0.0,0.0
2017-09-22,0.0,0,0.0,0.0,0.0
2017-09-25,0.0,0,0.0,0.0,0.0
2017-09-26,0.0,0,0.0,0.0,0.0
2017-09-27,0.0,0,0.0,0.0,0.0
2017-09-28,0.0,0,0.0,0.0,0.0
2017-09-29,0.0,0,0.0,0.0,0.0
2017-10-02,0.0,0,0.0,0.0,0.0
2017-10-03,0.0,0,0.0,0.0,0.0
2017-10-04,0.0,0,0.0,0.0,0.0
2017-10-05,0.0,0,0.0,0.0,0.0
2017-10-06,0.0,0,0.0,0.0,0.0
2017-10-09,0.0,0,0.0,0.0,0.0
2017-10-10,0.0,0,0.0,0.0,0.0
2017-10-11,0.0,0,0.0,0.0,0.0
2017-10-12,0.0,0,0.0,0.0,0.0
2017-10-13,0.0,0,0.0,0.0,0.0
2017-10-16,0.0,0,0.0,0.0,0.0
2017-10-17,0.0,0,-0.0,0.0,-0.0
2017-10-18,0.0,0,0.0,0.0,0.0
2017-10-19,0.0,0,0.0,0.0,0.0
2017-10-20,0.0,0,0.0,0.0,0.0
2017-10-23,0.0,0,0.0,0.0,0.0
2017-10-24,0.0,0,0.0,0.0,0.0
2017-10-25,0.0,0,0.0,0.0,0.0
2017-10-26,0.0,0,0.0,0.0,0.0
2017-10-27,0.0,0,0.0,0.0,0.0
2017-10-30,0.0,0,-0.0,0.0,-0.0
2017-10-31,0.0,0,-0.0,0.0,-0.0
2017-11-01,0.0,0,-0.0,0.0,-0.0
2017-11-02,0.0,0,-0.0,0.0,-0.0
2017-11-03,0.0,0,-0.0,0.0,-0.0
2017-11-06,0.0,0,-0.0,0.0,-0.0
2017-11-07,0.0,0,-0.0,0.0,-0.0
2017-11-08,0.0,0,0.0,0.0,0.0
2017-11-09,0.0,0,0.0,0.0,0.0
2017-11-10,0.0,0,0.0,0.0,0.0
2017-11-13,0.0,0,0.0,0.0,0.0
2017-11-14,0.0,0,-0.0,0.0,-0.0
2017-11-15,0.0,0,-0.0,0.0,-0.0
2017-11-16,0.0,0,-0.0,0.0,-0.0
2017-11-17,0.0,0,-0.0,0.0,-0.0
2017-11-20,0.0,0,-0.0,0.0,-0.0
2017-11-21,0.0,0,-0.0,0.0,-0.0
2017-11-22,0.0,0,-0.0,0.0,-0.0
2017-11-24,0.0,0,-0.0,0.0,-0.0
2017-11-27,0.0,0,-0.0,0.0,-0.0
2017-11-28,0.0,0,-0.0,0.0,-0.0
2017-11-29,0.0,0,-0.0,0.0,-0.0
2017-11-30,0.0,0,0.0,0.0,0.0
2017-12-01,0.0,0,-0.0,0.0,-0.0
2017-12-04,0.0,0,-0.0,0.0,-0.0
2017-12-05,0.0,0,-0.0,0.0,-0.0
2017-12-06,0.0,0,-0.0,0.0,-0.0
2017-12-07,0.0,0,-0.0,0.0,-0.0
2017-12-08,0.0,0,-0.0,0.0,-0.0
2017-12-11,0.0,0,0.0,0.0,0.0
2017-12-12,0.0,0,0.0,0.0,0.0
2017-12-13,0.0,0,0.0,0.0,0.0
2017-12-14,0.0,0,0.0,0.0,0.0
2017-12-15,0.0,0,-0.0,0.0,-0.0
2017-12-18,0.0,0,-0.0,0.0,-0.0
2017-12-19,0.0,0,0.0,0.0,0.0
2017-12-20,0.0,0,-0.0,0.0,-0.0
2017-12-21,0.0,0,-0.0,0.0,-0.0
2017-12-22,0.0,0,0.0,0.0,0.0
2017-12-26,0.0,0,0.0,0.0,0.0
2017-12-27,0.0,0,0.0,0.0,0.0
2017-12-28,0.0,0,0.0,0.0,0.0
2017-12-29,0.0,0,0.0,0.0,0.0
2018-01-02,0.0,0,0.0,0.0,0.0
2018-01-03,0.0,0,0.0,0.0,0.0
2018-01-04,0.0,0,0.0,0.0,0.0
2018-01-05,0.0,0,0.0,0.0,0.0
2018-01-08,0.0,0,-0.0,0.0,-0.0
2018-01-09,0.0,0,0.0,0.0,0.0
2018-01-10,0.0,0,-0.0,0.0,-0.0
2018-01-11,0.0,0,-0.0,0.0,-0.0
2018-01-12,0.0,0,-0.0,0.0,-0.0
2018-01-16,0.0,0,0.0,0.0,0.0
2018-01-17,0.0,0,-0.0,0.0,-0.0
2018-01-18,0.0,0,-0.0,0.0,-0.0
2018-01-19,0.0,0,-0.0,0.0,-0.0
2018-01-22,0.0,0,-0.0,0.0,-0.0
2018-01-23,0.0,0,-0.0,0.0,-0.0
2018-01-24,0.0,0,-0.0,0.0,-0.0
2018-01-25,0.0,0,-0.0,0.0,-0.0
2018-01-26,0.0,0,-0.0,0.0,-0.0
2018-01-29,0.0,0,-0.0,0.0,-0.0
2018-01-30,0.0,0,-0.0,0.0,-0.0
2018-01-31,0.0,0,-0.0,0.0,-0.0
2018-02-01,0.0,0,-0.0,0.0,-0.0
2018-02-02,0.0,0,-0.0,0.0,-0.0
2018-02-05,0.0,0,-0.0,0.0,-0.0
2018-02-06,0.0,0,-0.0,0.0,-0.0
2018-02-07,0.0,0,-0.0,0.0,-0.0
2018-02-08,0.0,0,-0.0,0.0,-0.0
2018-02-09,0.0,0,-0.0,0.0,-0.0
2018-02-12,0.0,0,-0.0,0.0,-0.0
2018-02-13,0.0,0,-0.0,0.0,-0.0
2018-02-14,0.0,0,-0.0,0.0,-0.0
2018-02-15,0.0,0,0.0,0.0,0.0
2018-02-16,0.0,0,0.0,0.0,0.0
2018-02-20,0.0,0,0.0,0.0,0.0
2018-02-21,0.0,0,0.0,0.0,0.0
2018-02-22,0.0,0,0.0,0.0,0.0
2018-02-23,0.0,0,0.0,0.0,0.0
2018-02-26,0.0,0,0.0,0.0,0.0
2018-02-27,0.0,0,-0.0,0.0,-0.0
2018-02-28,0.0,0,-0.0,0.0,-0.0
2018-03-01,0.0,0,0.0,0.0,0.0
2018-03-02,0.0,0,0.0,0.0,0.0
2018-03-05,0.0,0,0.0,0.0,0.0
2018-03-06,0.0,0,0.0,0.0,0.0
2018-03-07,0.0,0,-0.0,0.0,-0.0
2018-03-08,0.0,0,-0.0,0.0,-0.0
2018-03-09,0.0,0,0.0,0.0,0.0
2018-03-12,0.0,0,-0.0,0.0,-0.0
2018-03-13,0.0,0,-0.0,0.0,-0.0
2018-03-14,0.0,0,-0.0,0.0,-0.0
2018-03-15,0.0,0,-0.0,0.0,-0.0
2018-03-16,0.0,0,-0.0,0.0,-0.0
2018-03-19,0.0,0,-0.0,0.0,-0.0
2018-03-20,0.0,0,-0.0,0.0,-0.0
2018-03-21,0.0,0,-0.0,0.0,-0.0
2018-03-22,0.0,0,-0.0,0.0,-0.0
2018-03-23,0.0,0,-0.0,0.0,-0.0
2018-03-26,0.0,0,-0.0,0.0,-0.0
2018-03-27,0.0,0,-0.0,0.0,-0.0
2018-03-28,0.0,0,-0.0,0.0,-0.0
2018-03-29,0.0,0,-0.0,0.0,-0.0
2018-04-02,0.0,0,-0.0,0.0,-0.0
2018-04-03,0.0,0,0.0,0.0,0.0
2018-04-04,0.0,0,0.0,0.0,0.0
2018-04-05,0.0,0,-0.0,0.0,-0.0
2018-04-06,0.0,0,-0.0,0.0,-0.0
2018-04-09,0.0,0,-0.0,0.0,-0.0
2018-04-10,0.0,0,0.0,0.0,0.0
2018-04-11,0.0,0,0.0,0.0,0.0
2018-04-12,0.0,0,0.0,0.0,0.0
2018-04-13,0.0,0,0.0,0.0,0.0
2018-04-16,0.0,0,0.0,0.0,0.0
2018-04-17,0.0,0,0.0,0.0,0.0
2018-04-18,0.0,0,0.0,0.0,0.0
2018-04-19,0.0,0,0.0,0.0,0.0
2018-04-20,0.0,0,0.0,0.0,0.0
2018-04-23,0.0,0,0.0,0.0,0.0
2018-04-24,0.0,0,0.0,0.0,0.0
2018-04-25,0.0,0,0.0,0.0,0.0
2018-04-26,0.0,0,0.0,0.0,0.0
2018-04-27,0.0,0,0.0,0.0,0.0
2018-04-30,0.0,0,0.0,0.0,0.0
2018-05-01,0.0,0,0.0,0.0,0.0
2018-05-02,0.0,0,0.0,0.0,0.0
2018-05-03,0.0,0,-0.0,0.0,-0.0
2018-05-04,0.0,0,-0.0,0.0,-0.0
2018-05-07,0.0,0,-0.0,0.0,-0.0
2018-05-08,0.0,0,-0.0,0.0,-0.0
2018-05-09,0.0,0,-0.0,0.0,-0.0
2018-05-10,0.0,0,-0.0,0.0,-0.0
2018-05-11,0.0,0,-0.0,0.0,-0.0
2018-05-14,0.0,0,-0.0,0.0,-0.0
2018-05-15,0.0,0,-0.0,0.0,-0.0
2018-05-16,0.0,0,-0.0,0.0,-0.0
2018-05-17,0.0,0,0.0,0.0,0.0
2018-05-18,0.0,0,-0.0,0.0,-0.0
2018-05-21,0.0,0,-0.0,0.0,-0.0
2018-05-22,0.0,0,-0.0,0.0,-0.0
2018-05-23,0.0,0,-0.0,0.0,-0.0
2018-05-24,0.0,0,-0.0,0.0,-0.0
2018-05-25,0.0,0,-0.0,0.0,-0.0
2018-05-29,0.0,0,0.0,0.0,0.0
2018-05-30,0.0,0,0.0,0.0,0.0
2018-05-31,0.0,0,-0.0,0.0,-0.0
2018-06-01,0.0,0,0.0,0.0,0.0
2018-06-04,0.0,0,0.0,0.0,0.0
2018-06-05,0.0,0,-0.0,0.0,-0.0
2018-06-06,0.0,0,0.0,0.0,0.0
2018-06-07,0.0,0,0.0,0.0,0.0
2018-06-08,0.0,0,0.0,0.0,0.0
2018-06-11,0.0,0,-0.0,0.0,-0.0
2018-06-12,0.0,0,-0.0,0.0,-0.0
2018-06-13,0.0,0,-0.0,0.0,-0.0
2018-06-14,0.0,0,-0.0,0.0,-0.0
2018-06-15,0.0,0,-0.0,0.0,-0.0
2018-06-18,0.0,0,-0.0,0.0,-0.0
2018-06-19,0.0,0,-0.0,0.0,-0.0
2018-06-20,0.0,0,-0.0,0.0,-0.0
2018-06-21,0.0,0,-0.0,0.0,-0.0
2018-06-22,0.0,0,-0.0,0.0,-0.0
2018-06-25,0.0,0,0.0,0.0,0.0
2018-06-26,0.0,0,-0.0,0.0,-0.0
2018-06-27,0.0,0,-0.0,0.0,-0.0
2018-06-28,0.0,0,0.0,0.0,0.0
2018-06-29,0.0,0,0.0,0.0,0.0
2018-07-02,0.0,0,-0.0,0.0,-0.0
2018-07-03,0.0,0,0.0,0.0,0.0
2018-07-05,0.0,0,0.0,0.0,0.0
2018-07-06,0.0,0,-0.0,0.0,-0.0
2018-07-09,0.0,0,-0.0,0.0,-0.0
2018-07-10,0.0,0,-0.0,0.0,-0.0
2018-07-11,0.0,0,-0.0,0.0,-0.0
2018-07-12,0.0,0,0.0,0.0,0.0
2018-07-13,0.0,0,0.0,0.0,0.0
2018-07-16,0.0,0,0.0,0.0,0.0
2018-07-17,0.0,0,0.0,0.0,0.0
2018-07-18,0.0,0,-0.0,0.0,-0.0
2018-07-19,0.0,0,-0.0,0.0,-0.0
2018-07-20,0.0,0,0.0,0.0,0.0
2018-07-23,0.0,0,0.0,0.0,0.0
2018-07-24,0.0,0,0.0,0.0,0.0
2018-07-25,0.0,0,0.0,0.0,0.0
2018-07-26,0.0,0,-0.0,0.0,-0.0
2018-07-27,0.0,0,-0.0,0.0,-0.0
2018-07-30,0.0,0,-0.0,0.0,-0.0
2018-07-31,0.0,0,-0.0,0.0,-0.0
2018-08-01,0.0,0,-0.0,0.0,-0.0
2018-08-02,0.0,0,-0.0,0.0,-0.0
2018-08-03,0.0,0,-0.0,0.0,-0.0
2018-08-06,0.0,0,-0.0,0.0,-0.0
2018-08-07,0.0,0,0.0,0.0,0.0
2018-08-08,0.0,0,-0.0,0.0,-0.0
2018-08-09,0.0,0,-0.0,0.0,-0.0
2018-08-10,0.0,0,-0.0,0.0,-0.0
2018-08-13,0.0,0,-0.0,0.0,-0.0
2018-08-14,0.0,0,-0.0,0.0,-0.0
2018-08-15,0.0,0,-0.0,0.0,-0.0
2018-08-16,0.0,0,-0.0,0.0,-0.0
2018-08-17,0.0,0,0.0,0.0,0.0
2018-08-20,0.0,0,0.0,0.0,0.0
2018-08-21,0.0,0,-0.0,0.0,-0.0
2018-08-22,0.0,0,0.0,0.0,0.0
2018-08-23,0.0,0,-0.0,0.0,-0.0
2018-08-24,0.0,0,-0.0,0.0,-0.0
2018-08-27,0.0,0,-0.0,0.0,-0.0
2018-08-28,0.0,0,-0.0,0.0,-0.0
2018-08-29,0.0,0,-0.0,0.0,-0.0
2018-08-30,0.0,0,-0.0,0.0,-0.0
2018-08-31,0.0,0,-0.0,0.0,-0.0
2018-09-04,0.0,0,-0.0,0.0,-0.0
2018-09-05,0.0,0,-0.0,0.0,-0.0
2018-09-06,0.0,0,-0.0,0.0,-0.0
2018-09-07,0.0,0,-0.0,0.0,-0.0
2018-09-10,0.0,0,-0.0,0.0,-0.0
2018-09-11,0.0,0,-0.0,0.0,-0.0
2018-09-12,0.0,0,-0.0,0.0,-0.0
2018-09-13,0.0,0,-0.0,0.0,-0.0
2018-09-14,0.0,0,-0.0,0.0,-0.0
2018-09-17,0.0,0,-0.0,0.0,-0.0
2018-09-18,0.0,0,0.0,0.0,0.0
2018-09-19,0.0,0,0.0,0.0,0.0
2018-09-20,0.0,0,0.0,0.0,0.0
2018-09-21,0.0,0,0.0,0.0,0.0
2018-09-24,0.0,0,0.0,0.0,0.0
2018-09-25,0.0,0,0.0,0.0,0.0
2018-09-26,0.0,0,0.0,0.0,0.0
2018-09-27,0.0,0,0.0,0.0,0.0
2018-09-28,0.0,0,0.0,0.0,0.0
2018-10-01,0.0,0,0.0,0.0,0.0
2018-10-02,0.0,0,0.0,0.0,0.0
2018-10-03,0.0,0,0.0,0.0,0.0
2018-10-04,0.0,0,0.0,0.0,0.0
2018-10-05,0.0,0,0.0,0.0,0.0
2018-10-08,0.0,0,0.0,0.0,0.0
2018-10-09,0.0,0,0.0,0.0,0.0
2018-10-10,0.0,0,0.0,0.0,0.0
2018-10-11,0.0,0,-0.0,0.0,-0.0
2018-10-12,0.0,0,-0.0,0.0,-0.0
2018-10-15,0.0,0,-0.0,0.0,-0.0
2018-10-16,0.0,0,-0.0,0.0,-0.0
2018-10-17,0.0,0,-0.0,0.0,-0.0
2018-10-18,0.0,0,-0.0,0.0,-0.0
2018-10-19,0.0,0,0.0,0.0,0.0
2018-10-22,0.0,0,-0.0,0.0,-0.0
2018-10-23,0.0,0,0.0,0.0,0.0
2018-10-24,0.0,0,0.0,0.0,0.0
2018-10-25,0.0,0,-0.0,0.0,-0.0
2018-10-26,0.0,0,-0.0,0.0,-0.0
2018-10-29,0.0,0,0.0,0.0,0.0
2018-10-30,0.0,0,0.0,0.0,0.0
2018-10-31,0.0,0,-0.0,0.0,-0.0
2018-11-01,0.0,0,-0.0,0.0,-0.0
2018-11-02,0.0,0,0.0,0.0,0.0
2018-11-05,0.0,0,0.0,0.0,0.0
2018-11-06,0.0,0,-0.0,0.0,-0.0
2018-11-07,0.0,0,-0.0,0.0,-0.0
2018-11-08,0.0,0,-0.0,0.0,-0.0
2018-11-09,0.0,0,-0.0,0.0,-0.0
2018-11-12,0.0,0,-0.0,0.0,-0.0
2018-11-13,0.0,0,-0.0,0.0,-0.0
2018-11-14,0.0,0,-0.0,0.0,-0.0
2018-11-15,0.0,0,-0.0,0.0,-0.0
2018-11-16,0.0,0,-0.0,0.0,-0.0
2018-11-19,0.0,0,-0.0,0.0,-0.0
2018-11-20,0.0,0,-0.0,0.0,-0.0
2018-11-21,0.0,0,-0.0,0.0,-0.0
2018-11-23,0.0,0,0.0,0.0,0.0
2018-11-26,0.0,0,-0.0,0.0,-0.0
2018-11-27,0.0,0,0.0,0.0,0.0
2018-11-28,0.0,0,-0.0,0.0,-0.0
2018-11-29,0.0,0,-0.0,0.0,-0.0
2018-11-30,0.0,0,0.0,0.0,0.0
2018-12-03,0.0,0,-0.0,0.0,-0.0
2018-12-04,0.0,0,-0.0,0.0,-0.0
2018-12-06,0.0,0,-0.0,0.0,-0.0
2018-12-07,0.0,0,-0.0,0.0,-0.0
2018-12-10,0.0,0,-0.0,0.0,-0.0
2018-12-11,0.0,0,-0.0,0.0,-0.0
2018-12-12,0.0,0,-0.0,0.0,-0.0
2018-12-13,0.0,0,-0.0,0.0,-0.0
2018-12-14,0.0,0,0.0,0.0,0.0
2018-12-17,0.0,0,-0.0,0.0,-0.0
2018-12-18,0.0,0,-0.0,0.0,-0.0
2018-12-19,0.0,0,0.0,0.0,0.0
2018-12-20,0.0,0,0.0,0.0,0.0
2018-12-21,0.0,0,0.0,0.0,0.0
2018-12-24,0.0,0,0.0,0.0,0.0
2018-12-26,0.0,0,0.0,0.0,0.0
2018-12-27,0.0,0,0.0,0.0,0.0
2018-12-28,0.0,0,-0.0,0.0,-0.0
2018-12-31,0.0,0,0.0,0.0,0.0
2019-01-02,0.0,0,0.0,0.0,0.0
2019-01-03,0.0,0,0.0,0.0,0.0
2019-01-04,0.0,0,0.0,0.0,0.0
2019-01-07,0.0,0,-0.0,0.0,-0.0
2019-01-08,0.0,0,0.0,0.0,0.0
2019-01-09,0.0,0,0.0,0.0,0.0
2019-01-10,0.0,0,0.0,0.0,0.0
2019-01-11,0.0,0,0.0,0.0,0.0
2019-01-14,0.0,0,0.0,0.0,0.0
2019-01-15,0.0,0,0.0,0.0,0.0
2019-01-16,0.0,0,0.0,0.0,0.0
2019-01-17,0.0,0,0.0,0.0,0.0
2019-01-18,0.0,0,0.0,0.0,0.0
2019-01-22,0.0,0,0.0,0.0,0.0
2019-01-23,0.0,0,0.0,0.0,0.0
2019-01-24,0.0,0,0.0,0.0,0.0
2019-01-25,0.0,0,0.0,0.0,0.0
2019-01-28,0.0,0,0.0,0.0,0.0
2019-01-29,0.0,0,0.0,0.0,0.0
2019-01-30,0.0,0,0.0,0.0,0.0
2019-01-31,0.0,0,-0.0,0.0,-0.0
2019-02-01,0.0,0,0.0,0.0,0.0
2019-02-04,0.0,0,0.0,0.0,0.0
2019-02-05,0.0,0,-0.0,0.0,-0.0
2019-02-06,0.0,0,-0.0,0.0,-0.0
2019-02-07,0.0,0,0.0,0.0,0.0
2019-02-08,0.0,0,0.0,0.0,0.0
2019-02-11,0.0,0,-0.0,0.0,-0.0
2019-02-12,0.0,0,-0.0,0.0,-0.0
2019-02-13,0.0,0,-0.0,0.0,-0.0
2019-02-14,0.0,0,-0.0,0.0,-0.0
2019-02-15,0.0,0,-0.0,0.0,-0.0
2019-02-19,0.0,0,0.0,0.0,0.0
2019-02-20,0.0,0,0.0,0.0,0.0
2019-02-21,0.0,0,0.0,0.0,0.0
2019-02-22,0.0,0,0.0,0.0,0.0
2019-02-25,0.0,0,0.0,0.0,0.0
2019-02-26,0.0,0,0.0,0.0,0.0
2019-02-27,0.0,0,0.0,0.0,0.0
2019-02-28,0.0,0,0.0,0.0,0.0
2019-03-01,0.0,0,0.0,0.0,0.0
2019-03-04,0.0,0,0.0,0.0,0.0
2019-03-05,0.0,0,0.0,0.0,0.0
2019-03-06,0.0,0,0.0,0.0,0.0
2019-03-07,-0.0010653882221228,-1,0.0,0.0010653882221228,-5.326941110614e-07
2019-03-08,-0.0009608721216608,-1,-0.001940866701141465,0.00010451610046199997,-0.0019409189591916961
2019-03-11,-0.0008697285951004,-1,-0.00347716029120833,9.114352656040001e-05,-0.00347720586297161
2019-03-12,-0.000800448560498,-1,-0.002002076096399969,6.928003460240006e-05,-0.00200211073641727
2019-03-13,-0.0007474873438776,-1,-0.0018038489962434404,5.296121662039992e-05,-0.0018038754768517507
2019-03-14,-0.0007049993795652,-1,-0.001997436168071826,4.248796431240002e-05,-0.0019974574120539823
2019-03-15,-0.0006900292006431,-1,-0.0002987866307412935,1.497017892210001e-05,-0.00029879411583075456
2019-03-18,-0.0006924083310573,-1,-0.0005172936782079428,2.3791304142e-06,-0.0005172948677731498
2019-03-19,-0.000704464658716,-1,-0.00015639201315883306,1.2056327658699958e-05,-0.00015639804132266242
2019-03-20,-0.0007231520930592,-1,0.0002262598700601984,1.8687434343200057e-05,0.0002262505263430268
2019-03-21,-0.0007479888720118,-1,4.686053749811353e-05,2.483677895259999e-05,4.684811910863723e-05
2019-03-22,-0.0007871691412681,-1,-0.00013695094436471967,3.918026925629997e-05,-0.00013697053449934782
2019-03-25,-0.0008358991339316,-1,-0.0007256604894468245,4.872999266350008e-05,-0.0007256848544431562
2019-03-26,-0.0009041248993344,-1,-9.830556128534482e-05,6.822576540279994e-05,-9.833967416804623e-05
2019-03-27,-0.0010020939708146,-1,0.001622203479345935,9.796907148020007e-05,0.0016221544948101948
2019-03-28,-0.0011441643210051,-1,0.0013535648800483704,0.00014207035019049986,0.0013534938448732752
2019-03-29,-0.0013596337570703,-1,0.0009290276771722882,0.00021546943606520004,0.0009289199424542556
2019-04-01,-0.001613139029393,-1,0.0017010185958419462,0.0002535052723227,0.0017008918432057849
2019-04-02,-0.001939181771507,-1,0.0009300557968808525,0.00032604274211400015,0.0009298927755097955
2019-04-03,-0.0023603673120813,-1,0.002099385352180723,0.00042118554057429987,0.0020991747594104357
2019-04-04,-0.0028668364048331,-1,-0.00023057706396459123,0.0005064690927518,-0.00023083029851096712
2019-04-05,-0.0034847935499025,-1,0.0014915889910419907,0.0006179571450694002,0.001491280012469456
2019-04-08,-0.0037779903265114,-1,-0.0010966608619446094,0.0002931967766088999,-0.001096807460332914
2019-04-09,-0.0037893072107692,-1,0.0002932114581597586,1.1316884257799725e-05,0.0002932057997176297
2019-04-10,-0.0036070528460765,-1,0.0016124247773812404,0.00018225436469269983,0.0016123336501988942
2019-04-11,-0.0034624206328542,-1,0.00026956160593034006,0.00014463221322230007,0.0002694892898237289
2019-04-12,-0.0033511054585042,-1,0.0013774487009811979,0.00011131517435,0.001377393043394023
2019-04-15,-0.003345933326931,-1,-0.0009294625026509604,5.172131573200154e-06,-0.000929465088716747
2019-04-16,-0.0033591131083621,-1,0.0022616895154923006,1.3179781431100265e-05,0.002261682925601585
2019-04-17,-0.0033976336609041,-1,0.00024143329565922314,3.852055254199979e-05,0.00024141403538295215
2019-04-18,-0.0033730715125127,-1,0.005209118246860039,2.456214839139997e-05,0.005209105965785843
2019-04-22,-0.0032494254316399,-1,0.0069897976918941365,0.00012364608087280004,0.0069897358688537
2019-04-23,-0.0032779282680381,-1,0.002190279854266161,2.850283639819996e-05,0.002190265602847962
2019-04-24,-0.0032480710056348,-1,0.0063913713132462266,2.985726240329993e-05,0.006391356384615025
2019-04-25,-0.0030153279973802,-1,0.004706816945365853,0.0002327430082545998,0.004706700573861726
2019-04-26,-0.0027610139420501,-1,0.002831721155976855,0.00025431405533010015,0.0028315939989491897
2019-04-29,0.0,0,0.004589114103758722,0.0027610139420501,0.0045877335967876975
2019-04-30,0.0,0,-0.0,0.0,-0.0
2019-05-01,0.0,0,-0.0,0.0,-0.0
2019-05-02,0.0,0,-0.0,0.0,-0.0
2019-05-03,0.0,0,-0.0,0.0,-0.0
2019-05-06,0.0,0,-0.0,0.0,-0.0
2019-05-07,0.0,0,-0.0,0.0,-0.0
2019-05-08,0.0,0,-0.0,0.0,-0.0
2019-05-09,0.0,0,-0.0,0.0,-0.0
2019-05-10,0.0,0,-0.0,0.0,-0.0
2019-05-13,0.0,0,-0.0,0.0,-0.0
2019-05-14,0.0,0,-0.0,0.0,-0.0
2019-05-15,0.0,0,-0.0,0.0,-0.0
2019-05-16,0.0,0,0.0,0.0,0.0
2019-05-17,0.0,0,-0.0,0.0,-0.0
2019-05-20,0.0,0,-0.0,0.0,-0.0
2019-05-21,0.0,0,0.0,0.0,0.0
2019-05-22,0.0,0,0.0,0.0,0.0
2019-05-23,0.0,0,0.0,0.0,0.0
2019-05-24,0.0,0,-0.0,0.0,-0.0
2019-05-28,0.0,0,-0.0,0.0,-0.0
2019-05-29,0.0,0,-0.0,0.0,-0.0
2019-05-30,0.0,0,0.0,0.0,0.0
2019-05-31,0.0,0,-0.0,0.0,-0.0
2019-06-03,0.0,0,0.0,0.0,0.0
2019-06-04,0.0,0,-0.0,0.0,-0.0
2019-06-05,0.0,0,-0.0,0.0,-0.0
2019-06-06,0.0,0,-0.0,0.0,-0.0
2019-06-07,0.0,0,-0.0,0.0,-0.0
2019-06-10,0.0,0,-0.0,0.0,-0.0
2019-06-11,0.0,0,-0.0,0.0,-0.0
2019-06-12,0.0,0,-0.0,0.0,-0.0
2019-06-13,0.0,0,-0.0,0.0,-0.0
2019-06-14,0.0,0,-0.0,0.0,-0.0
2019-06-17,0.0,0,-0.0,0.0,-0.0
2019-06-18,0.0,0,-0.0,0.0,-0.0
2019-06-19,0.0,0,0.0,0.0,0.0
2019-06-20,0.0,0,-0.0,0.0,-0.0
2019-06-21,0.0,0,-0.0,0.0,-0.0
2019-06-24,0.0,0,-0.0,0.0,-0.0
2019-06-25,0.0,0,-0.0,0.0,-0.0
2019-06-26,0.0,0,-0.0,0.0,-0.0
2019-06-27,0.0,0,-0.0,0.0,-0.0
2019-06-28,0.0,0,-0.0,0.0,-0.0
2019-07-01,0.0,0,-0.0,0.0,-0.0
2019-07-02,0.0,0,-0.0,0.0,-0.0
2019-07-03,0.0,0,-0.0,0.0,-0.0
2019-07-05,0.0,0,-0.0,0.0,-0.0
2019-07-08,0.0,0,-0.0,0.0,-0.0
2019-07-09,0.0,0,-0.0,0.0,-0.0
2019-07-10,0.0,0,-0.0,0.0,-0.0
2019-07-11,0.0,0,-0.0,0.0,-0.0
2019-07-12,0.0,0,0.0,0.0,0.0
2019-07-15,0.0,0,-0.0,0.0,-0.0
2019-07-16,0.0,0,0.0,0.0,0.0
2019-07-17,0.0,0,0.0,0.0,0.0
2019-07-18,0.0,0,-0.0,0.0,-0.0
2019-07-19,0.0,0,0.0,0.0,0.0
2019-07-22,0.0,0,0.0,0.0,0.0
2019-07-23,0.0,0,0.0,0.0,0.0
2019-07-24,0.0,0,-0.0,0.0,-0.0
2019-07-25,0.0,0,0.0,0.0,0.0
2019-07-26,0.0,0,0.0,0.0,0.0
2019-07-29,0.0,0,-0.0,0.0,-0.0
2019-07-30,0.0,0,-0.0,0.0,-0.0
2019-07-31,0.0,0,0.0,0.0,0.0
2019-08-01,0.0,0,0.0,0.0,0.0
2019-08-02,0.0,0,0.0,0.0,0.0
2019-08-05,0.0,0,0.0,0.0,0.0
2019-08-06,0.0,0,0.0,0.0,0.0
2019-08-07,0.0,0,0.0,0.0,0.0
2019-08-08,0.0,0,0.0,0.0,0.0
2019-08-09,0.0,0,0.0,0.0,0.0
2019-08-12,0.0,0,0.0,0.0,0.0
2019-08-13,0.0,0,0.0,0.0,0.0
2019-08-14,0.0,0,0.0,0.0,0.0
2019-08-15,0.0,0,0.0,0.0,0.0
2019-08-16,0.0,0,0.0,0.0,0.0
2019-08-19,0.0,0,0.0,0.0,0.0
2019-08-20,0.0,0,-0.0,0.0,-0.0
2019-08-21,0.0,0,0.0,0.0,0.0
2019-08-22,-0.0005498795765818,-1,0.0,0.0005498795765818,-2.749397882909e-07
2019-08-23,-0.000550518926053,-1,-0.0016094541172637863,6.393494712000035e-07,-0.001609454436938522
2019-08-26,-0.0005536069223353,-1,-0.0027850233236481796,3.087996282300073e-06,-0.0027850248676463208
2019-08-27,-0.000563885816577,-1,-0.00196685800940085,1.0278894241699961e-05,-0.001966863148847971
2019-08-28,-0.000589096607193,-1,-0.00045003955110653704,2.521079061599998e-05,-0.00045005215650184506
2019-08-29,-0.0006292937737972,-1,8.935178990114649e-05,4.019716660420001e-05,8.933169131784439e-05
2019-08-30,-0.0006957695563615,-1,0.0020493485500855274,6.647578256430001e-05,0.002049315312194245
2019-09-03,-0.0007970686469683,-1,0.002821695356226755,0.00010129909060679996,0.0028216447066814515
2019-09-04,-0.0009084735216213,-1,0.0038305434459983824,0.00011140487465300004,0.003830487743561056
2019-09-05,0.0,0,0.005681681760927704,0.0009084735216213,0.005681227524166893
2019-09-06,0.0,0,-0.0,0.0,-0.0
2019-09-09,0.0,0,-0.0,0.0,-0.0
2019-09-10,0.0,0,-0.0,0.0,-0.0
2019-09-11,0.0,0,-0.0,0.0,-0.0
2019-09-12,0.0,0,-0.0,0.0,-0.0
2019-09-13,0.0,0,-0.0,0.0,-0.0
2019-09-16,0.0,0,-0.0,0.0,-0.0
2019-09-17,0.0,0,-0.0,0.0,-0.0
2019-09-18,0.0,0,-0.0,0.0,-0.0
2019-09-19,0.0,0,-0.0,0.0,-0.0
2019-09-20,0.0,0,-0.0,0.0,-0.0
2019-09-23,0.0,0,0.0,0.0,0.0
2019-09-24,0.0,0,0.0,0.0,0.0
2019-09-25,0.0,0,0.0,0.0,0.0
2019-09-26,0.0,0,0.0,0.0,0.0
2019-09-27,0.0,0,-0.0,0.0,-0.0
2019-09-30,0.0,0,-0.0,0.0,-0.0
2019-10-01,0.0,0,0.0,0.0,0.0
2019-10-02,0.0,0,-0.0,0.0,-0.0
2019-10-03,0.0,0,0.0,0.0,0.0
2019-10-04,0.0,0,0.0,0.0,0.0
2019-10-07,0.0,0,0.0,0.0,0.0
2019-10-08,0.0,0,0.0,0.0,0.0
2019-10-09,0.0,0,0.0,0.0,0.0
2019-10-10,0.0,0,0.0,0.0,0.0
2019-10-11,0.0,0,0.0,0.0,0.0
2019-10-14,0.0,0,0.0,0.0,0.0
2019-10-15,0.0,0,0.0,0.0,0.0
2019-10-16,0.0,0,0.0,0.0,0.0
2019-10-17,0.0,0,0.0,0.0,0.0
2019-10-18,0.0,0,0.0,0.0,0.0
2019-10-21,0.0,0,-0.0,0.0,-0.0
2019-10-22,0.0,0,-0.0,0.0,-0.0
2019-10-23,0.0,0,0.0,0.0,0.0
2019-10-24,0.0,0,-0.0,0.0,-0.0
2019-10-25,0.0,0,-0.0,0.0,-0.0
2019-10-28,0.0,0,0.0,0.0,0.0
2019-10-29,0.0,0,0.0,0.0,0.0
2019-10-30,0.0,0,0.0,0.0,0.0
2019-10-31,0.0,0,0.0,0.0,0.0
2019-11-01,0.0,0,0.0,0.0,0.0
2019-11-04,0.0,0,-0.0,0.0,-0.0
2019-11-05,0.0,0,-0.0,0.0,-0.0
2019-11-06,0.0,0,0.0,0.0,0.0
2019-11-07,0.0,0,-0.0,0.0,-0.0
2019-11-08,0.0,0,0.0,0.0,0.0
2019-11-11,0.0,0,-0.0,0.0,-0.0
2019-11-12,0.0,0,-0.0,0.0,-0.0
2019-11-13,0.0,0,-0.0,0.0,-0.0
2019-11-14,0.0,0,-0.0,0.0,-0.0
2019-11-15,0.0,0,-0.0,0.0,-0.0
2019-11-18,0.0,0,-0.0,0.0,-0.0
2019-11-19,0.0,0,-0.0,0.0,-0.0
2019-11-20,0.0,0,-0.0,0.0,-0.0
2019-11-21,0.0,0,-0.0,0.0,-0.0
2019-11-22,0.0,0,-0.0,0.0,-0.0
2019-11-25,0.0,0,-0.0,0.0,-0.0
2019-11-26,0.0,0,0.0,0.0,0.0
2019-11-27,0.0,0,0.0,0.0,0.0
2019-11-29,0.0,0,0.0,0.0,0.0
2019-12-02,0.0,0,0.0,0.0,0.0
2019-12-03,0.0,0,0.0,0.0,0.0
2019-12-04,0.0,0,0.0,0.0,0.0
2019-12-05,0.0,0,-0.0,0.0,-0.0
2019-12-06,0.0,0,-0.0,0.0,-0.0
2019-12-09,0.0,0,-0.0,0.0,-0.0
2019-12-10,0.0,0,0.0,0.0,0.0
2019-12-11,0.0,0,-0.0,0.0,-0.0
2019-12-12,0.0,0,0.0,0.0,0.0
2019-12-13,0.0,0,-0.0,0.0,-0.0
2019-12-16,0.0,0,-0.0,0.0,-0.0
2019-12-17,0.0,0,-0.0,0.0,-0.0
2019-12-18,0.0,0,-0.0,0.0,-0.0
2019-12-19,0.0,0,-0.0,0.0,-0.0
2019-12-20,0.0,0,-0.0,0.0,-0.0
2019-12-23,0.0,0,-0.0,0.0,-0.0
2019-12-24,0.0,0,-0.0,0.0,-0.0
2019-12-26,0.0,0,-0.0,0.0,-0.0
2019-12-27,0.0,0,-0.0,0.0,-0.0
2019-12-30,0.0,0,-0.0,0.0,-0.0
2019-12-31,0.0,0,-0.0,0.0,-0.0
2020-01-02,0.0,0,-0.0,0.0,-0.0
2020-01-03,0.0,0,-0.0,0.0,-0.0
2020-01-06,0.0,0,-0.0,0.0,-0.0
2020-01-07,0.0,0,-0.0,0.0,-0.0
2020-01-08,0.0,0,-0.0,0.0,-0.0
2020-01-09,0.0,0,-0.0,0.0,-0.0
2020-01-10,0.0,0,-0.0,0.0,-0.0
2020-01-13,0.0,0,0.0,0.0,0.0
2020-01-14,0.0,0,-0.0,0.0,-0.0
2020-01-15,0.0,0,-0.0,0.0,-0.0
2020-01-16,0.0,0,-0.0,0.0,-0.0
2020-01-17,0.0014851064043364,1,-0.0,0.0014851064043364,-7.425532021682001e-07
2020-01-21,0.001483150334778,1,0.0007103708042215287,1.956069558400062e-06,0.0007103698261867494
2020-01-22,0.0015118799140417,1,0.0005607944225103615,2.8729579263700065e-05,0.0005607800577207297
2020-01-23,0.0,0,0.0024281687603691614,0.0015118799140417,0.0024274128204121405
2020-01-24,0.0,0,0.0,0.0,0.0
2020-01-27,0.0,0,0.0,0.0,0.0
2020-01-28,0.0,0,-0.0,0.0,-0.0
2020-01-29,0.0,0,0.0,0.0,0.0
2020-01-30,0.0,0,0.0,0.0,0.0
2020-01-31,0.0,0,-0.0,0.0,-0.0
2020-02-03,0.0,0,-0.0,0.0,-0.0
2020-02-04,0.0,0,-0.0,0.0,-0.0
2020-02-05,0.0,0,-0.0,0.0,-0.0
2020-02-06,0.0,0,0.0,0.0,0.0
2020-02-07,0.0,0,-0.0,0.0,-0.0
2020-02-10,0.0,0,0.0,0.0,0.0
2020-02-11,0.0,0,-0.0,0.0,-0.0
2020-02-12,0.0,0,0.0,0.0,0.0
2020-02-13,0.0,0,0.0,0.0,0.0
2020-02-14,0.0,0,0.0,0.0,0.0
2020-02-18,0.0,0,0.0,0.0,0.0
2020-02-19,0.0,0,0.0,0.0,0.0
2020-02-20,0.0,0,-0.0,0.0,-0.0
2020-02-21,0.0,0,-0.0,0.0,-0.0
2020-02-24,0.0,0,-0.0,0.0,-0.0
2020-02-25,0.0,0,-0.0,0.0,-0.0
2020-02-26,0.0,0,-0.0,0.0,-0.0
2020-02-27,0.0,0,0.0,0.0,0.0
2020-02-28,0.0,0,0.0,0.0,0.0
2020-03-02,0.0,0,0.0,0.0,0.0
2020-03-03,0.0,0,0.0,0.0,0.0
2020-03-04,0.0,0,0.0,0.0,0.0
2020-03-05,0.0,0,-0.0,0.0,-0.0
2020-03-06,0.0,0,-0.0,0.0,-0.0
2020-03-09,0.0,0,0.0,0.0,0.0
2020-03-10,0.0,0,-0.0,0.0,-0.0
2020-03-11,0.0,0,0.0,0.0,0.0
2020-03-12,0.0,0,0.0,0.0,0.0
2020-03-13,0.0,0,-0.0,0.0,-0.0
2020-03-16,0.0,0,0.0,0.0,0.0
2020-03-17,0.0,0,-0.0,0.0,-0.0
2020-03-18,0.0,0,-0.0,0.0,-0.0
2020-03-19,0.0,0,-0.0,0.0,-0.0
2020-03-20,0.0,0,0.0,0.0,0.0
2020-03-23,0.0,0,-0.0,0.0,-0.0
2020-03-24,0.0,0,-0.0,0.0,-0.0
2020-03-25,0.0,0,0.0,0.0,0.0
2020-03-26,0.0,0,-0.0,0.0,-0.0
2020-03-27,0.0028166856200897,1,-0.0,0.0028166856200897,-1.40834281004485e-06
2020-03-30,0.002461616075043,1,-0.003415683373180181,0.0003550695450467,-0.003415860907952704
2020-03-31,0.0023160023169577,1,0.0032698678339318234,0.0001456137580853,0.003269795027052781
2020-04-01,0.0021872950117295,1,-0.0027133903150319025,0.00012870730522819996,-0.0027134546686845167
2020-04-02,0.0020383098034407,1,-0.0037229201511540075,0.00014898520828879975,-0.0037229946437581517
2020-04-03,0.0019057778048188,1,-0.002029520577464623,0.0001325319986219002,-0.002029586843463934
2020-04-06,0.0017921894393476,1,-0.002488633983855785,0.00011358836547119993,-0.0024886907780385208
2020-04-07,0.0017215131565432,1,2.090688034329112e-06,7.067628280439989e-05,2.0553498929269117e-06
2020-04-08,0.0016914140762492,1,-0.0002634485845932848,3.0099080294000193e-05,-0.0002634636341334318
2020-04-09,0.0017442882611457,1,0.0008124361127555407,5.2874184896500084e-05,0.0008124096756630925
2020-04-13,0.0018203778918383,1,-0.0006433765729469824,7.608963069260003e-05,-0.0006434146177623286
2020-04-14,0.0019678457523999,1,-0.0037411736462920134,0.00014746786056159993,-0.0037412473802222942
2020-04-15,0.0021152868190166,1,0.002116062181140552,0.0001474410666166999,0.0021159884606072434
2020-04-16,0.0023011269161291,1,-0.001177452472943551,0.00018584009711249995,-0.001177545392992107
2020-04-17,0.0024294015380546,1,0.0003599387067601524,0.00012827462192550008,0.0003598745694491896
2020-04-20,0.00270672712085,1,0.0013734751139627798,0.0002773255827954002,0.0013733364511713821
2020-04-21,0.0030910472491337,1,0.002458179408037558,0.00038432012828370013,0.002457987247973416
2020-04-22,0.0033136825381377,1,-0.001908852017526851,0.00022263528900399966,-0.001908963335171353
2020-04-23,0.0038918056015357,1,0.002349914899064163,0.0005781230633980002,0.0023496258375324637
2020-04-24,0.0044561463045386,1,-0.006862953186094519,0.0005643407030029002,-0.00686323535644602
2020-04-27,0.0050158175965598,1,0.006292454699246578,0.0005596712920212001,0.006292174863600567
2020-04-28,0.0054686151796987,1,-0.0021486212955671873,0.0004527975831388996,-0.002148847694358757
2020-04-29,0.0068396874774725,1,0.013522053763629215,0.0013710722977737996,0.013521368227480327
2020-04-30,0.008323592258117,1,-0.0004596824947203089,0.0014839047806444999,-0.00046042444711063115
2020-05-01,0.0078151209881893,1,0.010011715428995031,0.0005084712699276999,0.010011461193360067
2020-05-04,0.0072574046109271,1,-0.003270109212147917,0.0005577163772621995,-0.003270388070336548
2020-05-05,0.0065627074223053,1,0.002375086598736386,0.0006946971886217998,0.0023747392501420753
2020-05-06,0.0059580775328709,1,0.0025687722409196514,0.0006046298894344,0.002568469925974934
2020-05-07,0.0054967210983237,1,0.001210277782476338,0.0004613564345471999,0.0012100471042590644
2020-05-08,0.0049599007198154,1,0.004850884007828802,0.0005368203785083006,0.004850615597639547
2020-05-11,0.0045059055270103,1,0.002760974205000579,0.0004539951928050996,0.0027607472074041763
2020-05-12,0.004166112880614,1,0.005978764643983366,0.0003397926463963004,0.0059785947476601676
2020-05-13,0.0,0,0.0027748774596168227,0.004166112880614,0.002772794403176516
2020-05-14,0.0,0,0.0,0.0,0.0
2020-05-15,0.0,0,0.0,0.0,0.0
2020-05-18,0.0,0,0.0,0.0,0.0
2020-05-19,0.0,0,0.0,0.0,0.0
2020-05-20,0.0,0,0.0,0.0,0.0
2020-05-21,0.0,0,0.0,0.0,0.0
2020-05-22,0.0,0,0.0,0.0,0.0
2020-05-26,0.0,0,0.0,0.0,0.0
2020-05-27,0.0,0,0.0,0.0,0.0
2020-05-28,0.0,0,0.0,0.0,0.0
2020-05-29,0.0,0,0.0,0.0,0.0
2020-06-01,0.0,0,0.0,0.0,0.0
2020-06-02,0.0,0,0.0,0.0,0.0
2020-06-03,0.0,0,0.0,0.0,0.0
2020-06-04,0.0,0,0.0,0.0,0.0
2020-06-05,0.0,0,0.0,0.0,0.0
2020-06-08,0.0,0,0.0,0.0,0.0
2020-06-09,0.0,0,-0.0,0.0,-0.0
2020-06-10,0.0,0,-0.0,0.0,-0.0
2020-06-11,0.0,0,-0.0,0.0,-0.0
2020-06-12,0.0,0,0.0,0.0,0.0
2020-06-15,0.0,0,-0.0,0.0,-0.0
2020-06-16,0.0,0,0.0,0.0,0.0
2020-06-17,0.0,0,-0.0,0.0,-0.0
2020-06-18,0.0,0,0.0,0.0,0.0
2020-06-19,0.0,0,0.0,0.0,0.0
2020-06-22,0.0,0,-0.0,0.0,-0.0
2020-06-23,0.0,0,-0.0,0.0,-0.0
2020-06-24,0.0,0,0.0,0.0,0.0
2020-06-25,0.0,0,-0.0,0.0,-0.0
2020-06-26,0.0,0,-0.0,0.0,-0.0
2020-06-29,0.0,0,0.0,0.0,0.0
2020-06-30,0.0,0,-0.0,0.0,-0.0
2020-07-01,0.0,0,0.0,0.0,0.0
2020-07-02,0.0,0,-0.0,0.0,-0.0
2020-07-06,0.0,0,0.0,0.0,0.0
2020-07-07,0.0,0,0.0,0.0,0.0
2020-07-08,0.0,0,0.0,0.0,0.0
2020-07-09,0.0,0,-0.0,0.0,-0.0
2020-07-10,0.0,0,0.0,0.0,0.0
2020-07-13,0.0,0,0.0,0.0,0.0
2020-07-14,0.0,0,0.0,0.0,0.0
2020-07-15,0.0,0,0.0,0.0,0.0
2020-07-16,0.0,0,-0.0,0.0,-0.0
2020-07-17,0.0,0,0.0,0.0,0.0
2020-07-20,0.0,0,-0.0,0.0,-0.0
2020-07-21,0.0,0,0.0,0.0,0.0
2020-07-22,0.0,0,-0.0,0.0,-0.0
2020-07-23,0.0,0,-0.0,0.0,-0.0
2020-07-24,0.0,0,-0.0,0.0,-0.0
2020-07-27,0.0,0,-0.0,0.0,-0.0
2020-07-28,0.0,0,-0.0,0.0,-0.0
2020-07-29,0.0,0,-0.0,0.0,-0.0
2020-07-30,0.0,0,-0.0,0.0,-0.0
2020-07-31,0.0,0,-0.0,0.0,-0.0
2020-08-03,0.0,0,0.0,0.0,0.0
2020-08-04,0.0,0,0.0,0.0,0.0
2020-08-05,0.0,0,0.0,0.0,0.0
2020-08-06,0.0,0,-0.0,0.0,-0.0
2020-08-07,0.0,0,0.0,0.0,0.0
2020-08-10,0.0,0,0.0,0.0,0.0
2020-08-11,0.0,0,0.0,0.0,0.0
2020-08-12,0.0,0,-0.0,0.0,-0.0
2020-08-13,0.0,0,-0.0,0.0,-0.0
2020-08-14,0.0,0,0.0,0.0,0.0
2020-08-17,0.0,0,-0.0,0.0,-0.0
2020-08-18,0.0,0,0.0,0.0,0.0
2020-08-19,0.0,0,-0.0,0.0,-0.0
2020-08-20,0.0,0,-0.0,0.0,-0.0
2020-08-21,0.0,0,-0.0,0.0,-0.0
2020-08-24,0.0,0,-0.0,0.0,-0.0
2020-08-25,0.0,0,-0.0,0.0,-0.0
2020-08-26,0.0,0,-0.0,0.0,-0.0
2020-08-27,0.0,0,-0.0,0.0,-0.0
2020-08-28,0.0,0,-0.0,0.0,-0.0
2020-08-31,0.0,0,-0.0,0.0,-0.0
2020-09-01,0.0,0,-0.0,0.0,-0.0
2020-09-02,0.0,0,-0.0,0.0,-0.0
2020-09-03,0.0,0,-0.0,0.0,-0.0
2020-09-04,0.0,0,-0.0,0.0,-0.0
2020-09-08,0.0,0,-0.0,0.0,-0.0
2020-09-09,0.0,0,-0.0,0.0,-0.0
2020-09-10,0.0012685286914551,1,-0.0,0.0012685286914551,-6.342643457275501e-07
2020-09-11,0.0011539579112204,1,-0.0013949277328246163,0.00011457078023470002,-0.0013949850182147336
2020-09-14,0.0010626040308802,1,-0.002875523882914587,9.135388034020001e-05,-0.002875569559854757
2020-09-15,0.0009927236370041,1,-0.0014618972673423956,6.988039387610017e-05,-0.0014619322075393336
2020-09-16,0.0009397867833875,1,-0.0019280366743174534,5.2936853616599886e-05,-0.0019280631427442618
2020-09-17,0.0009070301538989,1,-0.0006587066205718982,3.275662948860002e-05,-0.0006587229988866425
2020-09-18,0.0009031843135444,1,0.0018277079765441082,3.8458403545000045e-06,0.001827706053623931
2020-09-21,0.0009246940594204,1,0.002776456536595622,2.150974587600003e-05,0.002776445781722684
2020-09-22,0.0,0,0.0045211289806122105,0.0009246940594204,0.0045206666335825
2020-09-23,0.0,0,0.0,0.0,0.0
2020-09-24,0.0,0,0.0,0.0,0.0
2020-09-25,0.0,0,0.0,0.0,0.0
2020-09-28,0.0,0,0.0,0.0,0.0
2020-09-29,0.0,0,0.0,0.0,0.0
2020-09-30,0.0,0,0.0,0.0,0.0
2020-10-01,0.0,0,0.0,0.0,0.0
2020-10-02,0.0,0,0.0,0.0,0.0
2020-10-05,0.0,0,0.0,0.0,0.0
2020-10-06,0.0,0,0.0,0.0,0.0
2020-10-07,0.0,0,0.0,0.0,0.0
2020-10-08,0.0,0,0.0,0.0,0.0
2020-10-09,0.0,0,0.0,0.0,0.0
2020-10-12,0.0,0,0.0,0.0,0.0
2020-10-13,0.0,0,-0.0,0.0,-0.0
2020-10-14,0.0,0,0.0,0.0,0.0
2020-10-15,0.0,0,0.0,0.0,0.0
2020-10-16,0.0,0,-0.0,0.0,-0.0
2020-10-19,0.0,0,-0.0,0.0,-0.0
2020-10-20,0.0,0,0.0,0.0,0.0
2020-10-21,0.0,0,-0.0,0.0,-0.0
2020-10-22,0.0,0,0.0,0.0,0.0
2020-10-23,0.0,0,-0.0,0.0,-0.0
2020-10-26,0.0,0,-0.0,0.0,-0.0
2020-10-27,0.0,0,-0.0,0.0,-0.0
2020-10-28,0.0,0,-0.0,0.0,-0.0
2020-10-29,0.0,0,0.0,0.0,0.0
2020-10-30,0.0,0,0.0,0.0,0.0
2020-11-02,0.0,0,0.0,0.0,0.0
2020-11-03,0.0,0,0.0,0.0,0.0
2020-11-04,0.0,0,0.0,0.0,0.0
2020-11-05,0.0,0,0.0,0.0,0.0
2020-11-06,0.0,0,0.0,0.0,0.0
2020-11-09,0.0,0,0.0,0.0,0.0
2020-11-10,0.0,0,0.0,0.0,0.0
2020-11-11,0.0,0,-0.0,0.0,-0.0
2020-11-12,0.0,0,-0.0,0.0,-0.0
2020-11-13,0.0,0,-0.0,0.0,-0.0
2020-11-16,0.0,0,-0.0,0.0,-0.0
2020-11-17,0.0,0,-0.0,0.0,-0.0
2020-11-18,0.0,0,-0.0,0.0,-0.0
2020-11-19,0.0,0,0.0,0.0,0.0
2020-11-20,0.0,0,-0.0,0.0,-0.0
2020-11-23,0.0,0,-0.0,0.0,-0.0
2020-11-24,0.0,0,-0.0,0.0,-0.0
2020-11-25,0.0,0,-0.0,0.0,-0.0
2020-11-27,0.0,0,-0.0,0.0,-0.0
2020-11-30,0.0,0,-0.0,0.0,-0.0
2020-12-01,0.0,0,0.0,0.0,0.0
2020-12-02,0.0,0,0.0,0.0,0.0
2020-12-03,0.0,0,0.0,0.0,0.0
2020-12-04,0.0,0,0.0,0.0,0.0
2020-12-07,0.0,0,-0.0,0.0,-0.0
2020-12-08,0.0,0,-0.0,0.0,-0.0
2020-12-09,0.0,0,-0.0,0.0,-0.0
2020-12-10,0.0,0,-0.0,0.0,-0.0
2020-12-11,0.0,0,-0.0,0.0,-0.0
2020-12-14,0.0,0,-0.0,0.0,-0.0
2020-12-15,0.0,0,-0.0,0.0,-0.0
2020-12-16,0.0,0,-0.0,0.0,-0.0
2020-12-17,0.0,0,-0.0,0.0,-0.0
2020-12-18,0.0,0,-0.0,0.0,-0.0
2020-12-21,0.0,0,-0.0,0.0,-0.0
2020-12-22,0.0,0,-0.0,0.0,-0.0
2020-12-23,0.0,0,0.0,0.0,0.0
2020-12-24,0.0,0,0.0,0.0,0.0
2020-12-28,0.0,0,0.0,0.0,0.0
2020-12-29,0.0,0,-0.0,0.0,-0.0
2020-12-30,0.0,0,0.0,0.0,0.0
2020-12-31,0.0,0,0.0,0.0,0.0
2021-01-04,0.0,0,-0.0,0.0,-0.0
2021-01-05,0.0,0,-0.0,0.0,-0.0
2021-01-06,0.0,0,-0.0,0.0,-0.0
2021-01-07,0.0,0,-0.0,0.0,-0.0
2021-01-08,0.0,0,0.0,0.0,0.0
2021-01-11,0.0,0,0.0,0.0,0.0
2021-01-12,0.0,0,0.0,0.0,0.0
2021-01-13,0.0,0,-0.0,0.0,-0.0
2021-01-14,0.0,0,-0.0,0.0,-0.0
2021-01-15,0.0,0,-0.0,0.0,-0.0
2021-01-19,0.0,0,-0.0,0.0,-0.0
2021-01-20,0.0,0,0.0,0.0,0.0
2021-01-21,0.0,0,0.0,0.0,0.0
2021-01-22,0.0,0,-0.0,0.0,-0.0
2021-01-25,0.0,0,-0.0,0.0,-0.0
2021-01-26,0.0,0,-0.0,0.0,-0.0
2021-01-27,0.0,0,0.0,0.0,0.0
2021-01-28,0.0064436303594632,1,-0.0,0.0064436303594632,-3.2218151797316e-06
2021-01-29,0.00467119061486,1,-0.019870859852021493,0.0017724397446032,-0.019871746071893796
2021-02-01,0.003480197248224,1,-0.01181850083115933,0.0011909933666360002,-0.011819096327842648
2021-02-02,0.0027560089559877,1,-0.0066282049417655696,0.0007241882922363,-0.006628567035911688
2021-02-03,0.0023314396904604,1,-0.002572095767602213,0.0004245692655272999,-0.002572308052234977
2021-02-04,0.0019990008730016,1,-0.004303122580132496,0.0003324388174587999,-0.0043032887995412255
2021-02-05,0.0017453524588045,1,-0.0034086122629182073,0.0002536484141971002,-0.0034087390871253057
2021-02-08,0.0014403279049805,1,-0.01056125011733683,0.000305024553824,-0.010561402629613742
2021-02-09,0.0012465222914082,1,-0.0029233034741216993,0.00019380561357229997,-0.0029234003769284854
2021-02-10,0.0011560736714436,1,0.0016633598305367146,9.044861996459997e-05,0.0016633146062267324
2021-02-11,0.0011385104276786,1,0.004893195076932462,1.756324376500011e-05,0.004893186295310579
2021-02-12,0.0011700755746196,1,0.009137129090363405,3.156514694100006e-05,0.009137113307789935
2021-02-16,0.0,0,0.00860632739680787,0.0011700755746196,0.00860574235902056
2021-02-17,0.0,0,0.0,0.0,0.0
2021-02-18,0.0,0,0.0,0.0,0.0
2021-02-19,0.0,0,0.0,0.0,0.0
2021-02-22,0.0,0,0.0,0.0,0.0
2021-02-23,0.0,0,0.0,0.0,0.0
2021-02-24,0.0,0,0.0,0.0,0.0
2021-02-25,0.0,0,0.0,0.0,0.0
2021-02-26,0.0,0,0.0,0.0,0.0
2021-03-01,0.0,0,0.0,0.0,0.0
2021-03-02,0.0,0,0.0,0.0,0.0
2021-03-03,0.0,0,0.0,0.0,0.0
2021-03-04,0.0,0,0.0,0.0,0.0
2021-03-05,0.0,0,0.0,0.0,0.0
2021-03-08,0.0,0,0.0,0.0,0.0
2021-03-09,0.0,0,0.0,0.0,0.0
2021-03-10,0.0,0,0.0,0.0,0.0
2021-03-11,0.0,0,0.0,0.0,0.0
2021-03-12,0.0,0,0.0,0.0,0.0
2021-03-15,0.0,0,0.0,0.0,0.0
2021-03-16,0.0,0,0.0,0.0,0.0
2021-03-17,0.0,0,0.0,0.0,0.0
2021-03-18,0.0,0,0.0,0.0,0.0
2021-03-19,0.0,0,0.0,0.0,0.0
2021-03-22,0.0,0,0.0,0.0,0.0
2021-03-23,0.0,0,0.0,0.0,0.0
2021-03-24,0.0,0,0.0,0.0,0.0
2021-03-25,0.0,0,0.0,0.0,0.0
2021-03-26,0.0,0,0.0,0.0,0.0
2021-03-29,0.0,0,0.0,0.0,0.0
2021-03-30,0.0,0,0.0,0.0,0.0
2021-03-31,-0.001423180291184,-1,0.0,0.001423180291184,-7.11590145592e-07
2021-04-01,-0.0014290251091047,-1,8.610294989488598e-05,5.844817920699994e-06,8.610002748592564e-05
2021-04-05,-0.0014471400000732,-1,-8.266013003488944e-05,1.8114890968499997e-05,-8.266918748037369e-05
2021-04-06,0.0,0,0.002383783449145801,0.0014471400000732,0.0023830598791457643
2021-04-07,0.0,0,-0.0,0.0,-0.0
2021-04-08,0.0,0,-0.0,0.0,-0.0
2021-04-09,0.0,0,-0.0,0.0,-0.0
2021-04-12,0.0,0,-0.0,0.0,-0.0
2021-04-13,0.0,0,-0.0,0.0,-0.0
2021-04-14,0.0,0,-0.0,0.0,-0.0
2021-04-15,0.0,0,-0.0,0.0,-0.0
2021-04-16,0.0,0,-0.0,0.0,-0.0
2021-04-19,0.0,0,-0.0,0.0,-0.0
2021-04-20,0.0,0,-0.0,0.0,-0.0
2021-04-21,0.0,0,-0.0,0.0,-0.0
2021-04-22,0.0,0,-0.0,0.0,-0.0
2021-04-23,0.0,0,-0.0,0.0,-0.0
2021-04-26,0.0,0,-0.0,0.0,-0.0
2021-04-27,0.0,0,-0.0,0.0,-0.0
2021-04-28,0.0,0,0.0,0.0,0.0
2021-04-29,0.0,0,0.0,0.0,0.0
2021-04-30,0.0,0,-0.0,0.0,-0.0
2021-05-03,0.0,0,-0.0,0.0,-0.0
2021-05-04,0.0,0,-0.0,0.0,-0.0
2021-05-05,0.0,0,-0.0,0.0,-0.0
2021-05-06,0.0,0,-0.0,0.0,-0.0
2021-05-07,0.0,0,-0.0,0.0,-0.0
2021-05-10,0.0,0,0.0,0.0,0.0
2021-05-11,0.0,0,-0.0,0.0,-0.0
2021-05-12,0.0,0,0.0,0.0,0.0
2021-05-13,0.0,0,0.0,0.0,0.0
2021-05-14,0.0,0,0.0,0.0,0.0
2021-05-17,0.0,0,0.0,0.0,0.0
2021-05-18,0.0,0,-0.0,0.0,-0.0
2021-05-19,0.0,0,-0.0,0.0,-0.0
2021-05-20,0.0,0,0.0,0.0,0.0
2021-05-21,0.0,0,-0.0,0.0,-0.0
2021-05-24,0.0,0,-0.0,0.0,-0.0
2021-05-25,0.0,0,0.0,0.0,0.0
2021-05-26,0.0,0,0.0,0.0,0.0
2021-05-27,0.0,0,0.0,0.0,0.0
2021-05-28,0.0,0,-0.0,0.0,-0.0
2021-06-01,0.0,0,-0.0,0.0,-0.0
2021-06-02,0.0,0,-0.0,0.0,-0.0
2021-06-03,0.0,0,-0.0,0.0,-0.0
2021-06-04,0.0,0,-0.0,0.0,-0.0
2021-06-07,0.0,0,-0.0,0.0,-0.0
2021-06-08,0.0,0,-0.0,0.0,-0.0
2021-06-09,0.0,0,-0.0,0.0,-0.0
2021-06-10,0.0,0,-0.0,0.0,-0.0
2021-06-11,0.0,0,-0.0,0.0,-0.0
2021-06-14,0.0,0,-0.0,0.0,-0.0
2021-06-15,0.0,0,-0.0,0.0,-0.0
2021-06-16,0.0,0,-0.0,0.0,-0.0
2021-06-17,0.0,0,0.0,0.0,0.0
2021-06-18,0.0,0,0.0,0.0,0.0
2021-06-21,0.0,0,0.0,0.0,0.0
2021-06-22,0.0,0,0.0,0.0,0.0
2021-06-23,0.0,0,0.0,0.0,0.0
2021-06-24,0.0,0,0.0,0.0,0.0
2021-06-25,0.0,0,-0.0,0.0,-0.0
2021-06-28,0.0,0,0.0,0.0,0.0
2021-06-29,0.0,0,0.0,0.0,0.0
2021-06-30,0.0,0,0.0,0.0,0.0
2021-07-01,0.0,0,0.0,0.0,0.0
2021-07-02,0.0,0,0.0,0.0,0.0
2021-07-06,0.0,0,0.0,0.0,0.0
2021-07-07,0.0,0,0.0,0.0,0.0
2021-07-08,0.0,0,0.0,0.0,0.0
2021-07-09,0.0,0,0.0,0.0,0.0
2021-07-12,0.0,0,0.0,0.0,0.0
2021-07-13,0.0,0,0.0,0.0,0.0
2021-07-14,0.0,0,0.0,0.0,0.0
2021-07-15,0.0,0,-0.0,0.0,-0.0
2021-07-16,0.0,0,-0.0,0.0,-0.0
2021-07-19,0.0,0,-0.0,0.0,-0.0
2021-07-20,0.0,0,0.0,0.0,0.0
2021-07-21,0.0,0,0.0,0.0,0.0
2021-07-22,0.0,0,-0.0,0.0,-0.0
2021-07-23,0.0,0,-0.0,0.0,-0.0
2021-07-26,0.0,0,-0.0,0.0,-0.0
2021-07-27,0.0,0,-0.0,0.0,-0.0
2021-07-28,0.0,0,-0.0,0.0,-0.0
2021-07-29,0.0,0,-0.0,0.0,-0.0
2021-07-30,0.0,0,-0.0,0.0,-0.0
2021-08-02,0.0,0,-0.0,0.0,-0.0
2021-08-03,0.0,0,-0.0,0.0,-0.0
2021-08-04,0.0,0,-0.0,0.0,-0.0
2021-08-05,0.0,0,0.0,0.0,0.0
2021-08-06,0.0,0,0.0,0.0,0.0
2021-08-09,0.0,0,-0.0,0.0,-0.0
2021-08-10,0.0,0,-0.0,0.0,-0.0
2021-08-11,0.0,0,-0.0,0.0,-0.0
2021-08-12,0.0,0,-0.0,0.0,-0.0
2021-08-13,0.0,0,-0.0,0.0,-0.0
2021-08-16,0.0,0,-0.0,0.0,-0.0
2021-08-17,0.0,0,-0.0,0.0,-0.0
2021-08-18,0.0,0,-0.0,0.0,-0.0
2021-08-19,0.0,0,0.0,0.0,0.0
2021-08-20,0.0,0,0.0,0.0,0.0
2021-08-23,0.0,0,0.0,0.0,0.0
2021-08-24,0.0,0,-0.0,0.0,-0.0
2021-08-25,0.0,0,0.0,0.0,0.0
2021-08-26,0.0,0,-0.0,0.0,-0.0
2021-08-27,0.0,0,-0.0,0.0,-0.0
2021-08-30,0.0,0,0.0,0.0,0.0
2021-08-31,0.0,0,-0.0,0.0,-0.0
2021-09-01,0.0,0,-0.0,0.0,-0.0
2021-09-02,0.0,0,-0.0,0.0,-0.0
2021-09-03,0.0,0,-0.0,0.0,-0.0
2021-09-07,0.0,0,-0.0,0.0,-0.0
2021-09-08,0.0,0,-0.0,0.0,-0.0
2021-09-09,0.0,0,-0.0,0.0,-0.0
2021-09-10,0.0,0,-0.0,0.0,-0.0
2021-09-13,0.0,0,0.0,0.0,0.0
2021-09-14,0.0,0,0.0,0.0,0.0
2021-09-15,0.0,0,0.0,0.0,0.0
2021-09-16,0.0,0,-0.0,0.0,-0.0
2021-09-17,0.0,0,-0.0,0.0,-0.0
2021-09-20,0.0,0,-0.0,0.0,-0.0
2021-09-21,0.0,0,-0.0,0.0,-0.0
2021-09-22,0.0,0,-0.0,0.0,-0.0
2021-09-23,0.0,0,-0.0,0.0,-0.0
2021-09-24,0.0,0,-0.0,0.0,-0.0
2021-09-27,0.0,0,-0.0,0.0,-0.0
2021-09-28,0.0,0,-0.0,0.0,-0.0
2021-09-29,0.0,0,-0.0,0.0,-0.0
2021-09-30,0.0,0,-0.0,0.0,-0.0
2021-10-01,0.0,0,-0.0,0.0,-0.0
2021-10-04,0.0,0,-0.0,0.0,-0.0
2021-10-05,0.0,0,-0.0,0.0,-0.0
2021-10-06,0.0009140863100908,1,-0.0,0.0009140863100908,-4.570431550454e-07
2021-10-07,0.0007911124902651,1,-0.0009850424412898339,0.00012297381982570002,-0.0009851039281997466
2021-10-08,0.000736021848867,1,0.0022232985273567063,5.509064139809993e-05,0.0022232709820360075
2021-10-11,0.0007104504344956,1,0.0012550391250328895,2.557141437139999e-05,0.0012550263393257038
2021-10-12,0.0007046233758166,1,0.0013653902269453165,5.827058679000051e-06,0.001365387313415977
2021-10-13,0.0,0,0.002181349255659485,0.0007046233758166,0.0021809969439715764
2021-10-14,0.0,0,0.0,0.0,0.0
2021-10-15,0.0,0,0.0,0.0,0.0
2021-10-18,0.0,0,0.0,0.0,0.0
2021-10-19,0.0,0,0.0,0.0,0.0
2021-10-20,0.0,0,0.0,0.0,0.0
2021-10-21,0.0,0,0.0,0.0,0.0
2021-10-22,0.0,0,0.0,0.0,0.0
2021-10-25,0.0,0,0.0,0.0,0.0
2021-10-26,0.0,0,0.0,0.0,0.0
2021-10-27,0.0,0,0.0,0.0,0.0
2021-10-28,0.0,0,0.0,0.0,0.0
2021-10-29,0.0,0,-0.0,0.0,-0.0
2021-11-01,0.0,0,-0.0,0.0,-0.0
2021-11-02,0.0,0,-0.0,0.0,-0.0
2021-11-03,0.0,0,-0.0,0.0,-0.0
2021-11-04,0.0,0,-0.0,0.0,-0.0
2021-11-05,0.0,0,-0.0,0.0,-0.0
2021-11-08,0.0,0,-0.0,0.0,-0.0
2021-11-09,0.0,0,-0.0,0.0,-0.0
2021-11-10,0.0,0,-0.0,0.0,-0.0
2021-11-11,0.0,0,-0.0,0.0,-0.0
2021-11-12,0.0,0,-0.0,0.0,-0.0
2021-11-15,0.0,0,-0.0,0.0,-0.0
2021-11-16,0.0,0,-0.0,0.0,-0.0
2021-11-17,0.0,0,-0.0,0.0,-0.0
2021-11-18,0.0,0,-0.0,0.0,-0.0
2021-11-19,0.0,0,-0.0,0.0,-0.0
2021-11-22,0.0,0,0.0,0.0,0.0
2021-11-23,0.0,0,0.0,0.0,0.0
2021-11-24,0.0,0,-0.0,0.0,-0.0
2021-11-26,0.0,0,-0.0,0.0,-0.0
2021-11-29,0.0,0,0.0,0.0,0.0
2021-11-30,0.0,0,-0.0,0.0,-0.0
2021-12-01,0.0,0,-0.0,0.0,-0.0
2021-12-02,0.0,0,0.0,0.0,0.0
2021-12-03,0.0,0,0.0,0.0,0.0
2021-12-06,0.0,0,0.0,0.0,0.0
2021-12-07,0.0,0,0.0,0.0,0.0
2021-12-08,0.0,0,-0.0,0.0,-0.0
2021-12-09,0.0,0,-0.0,0.0,-0.0
2021-12-10,0.0,0,0.0,0.0,0.0
2021-12-13,0.0,0,0.0,0.0,0.0
2021-12-14,0.0,0,-0.0,0.0,-0.0
2021-12-15,0.0,0,-0.0,0.0,-0.0
2021-12-16,0.0,0,-0.0,0.0,-0.0
2021-12-17,0.0,0,-0.0,0.0,-0.0
2021-12-20,0.0,0,-0.0,0.0,-0.0
2021-12-21,0.0,0,-0.0,0.0,-0.0
2021-12-22,0.0,0,-0.0,0.0,-0.0
2021-12-23,0.0,0,-0.0,0.0,-0.0
2021-12-27,0.0,0,-0.0,0.0,-0.0
2021-12-28,0.0,0,-0.0,0.0,-0.0
2021-12-29,0.0,0,-0.0,0.0,-0.0
2021-12-30,0.0,0,-0.0,0.0,-0.0
2021-12-31,0.0,0,-0.0,0.0,-0.0
2022-01-03,0.0,0,-0.0,0.0,-0.0
2022-01-04,0.0,0,-0.0,0.0,-0.0
2022-01-05,0.0,0,-0.0,0.0,-0.0
2022-01-06,0.0,0,-0.0,0.0,-0.0
2022-01-07,0.0,0,-0.0,0.0,-0.0
2022-01-10,0.0,0,-0.0,0.0,-0.0
2022-01-11,0.0,0,-0.0,0.0,-0.0
2022-01-12,0.0,0,-0.0,0.0,-0.0
2022-01-13,0.0,0,-0.0,0.0,-0.0
2022-01-14,0.0,0,-0.0,0.0,-0.0
2022-01-18,0.0,0,-0.0,0.0,-0.0
2022-01-19,0.0,0,-0.0,0.0,-0.0
2022-01-20,0.0,0,-0.0,0.0,-0.0
2022-01-21,0.0,0,-0.0,0.0,-0.0
2022-01-24,0.0,0,-0.0,0.0,-0.0
2022-01-25,0.0,0,-0.0,0.0,-0.0
2022-01-26,0.0,0,-0.0,0.0,-0.0
2022-01-27,0.0,0,-0.0,0.0,-0.0
2022-01-28,0.0,0,-0.0,0.0,-0.0
2022-01-31,0.0,0,-0.0,0.0,-0.0
2022-02-01,0.0016213048810368,1,-0.0,0.0016213048810368,-8.106524405184e-07
2022-02-02,0.0016815002691753,1,-0.002744208609473107,6.019538813849994e-05,-0.0027442387071671764
2022-02-03,0.0017593158327531,1,0.00019849154132510027,7.781556357780006e-05,0.00019845263354331138
2022-02-04,0.001787833323667,1,-0.0017794826198696534,2.8517490913900065e-05,-0.0017794968786151103
2022-02-07,0.001797902340916,1,-0.0009148828425111486,1.0069017248999891e-05,-0.0009148878770197732
2022-02-08,0.0017922260093581,1,-0.0022386831670043465,5.676331557899874e-06,-0.0022386860051701253
2022-02-09,0.0017155300573283,1,-0.005923865756329072,7.669595202980015e-05,-0.005923904104305087
2022-02-10,0.0016683562795956,1,-0.0005280412549524627,4.717377773269982e-05,-0.000528064841841329
2022-02-11,0.0016092446360144,1,-0.0030284734101549715,5.91116435812002e-05,-0.003028502965976762
2022-02-14,0.0015890462145576,1,0.0004503043676659224,2.0198421456799932e-05,0.000450294268455194
2022-02-15,0.0016156259155314,1,0.0015546275504068712,2.6579700973799938e-05,0.0015546142605563844
2022-02-16,0.0016708214953891,1,0.00241470197229676,5.519557985770012e-05,0.0024146743745068313
2022-02-17,0.0017836779297157,1,0.004878222252665683,0.00011285643432660001,0.00487816582444852
2022-02-18,0.0019106713731519,1,0.00395989833564753,0.00012699344343620003,0.003959834838925811
2022-02-22,0.0020645279093713,1,0.0026814839454554805,0.0001538565362194,0.0026814070171873707
2022-02-23,0.0,0,0.0030770624584475974,0.0020645279093713,0.003076030194492912
2022-02-24,0.0,0,0.0,0.0,0.0
2022-02-25,0.0,0,0.0,0.0,0.0
2022-02-28,0.0,0,0.0,0.0,0.0
2022-03-01,0.0,0,0.0,0.0,0.0
2022-03-02,0.0,0,0.0,0.0,0.0
2022-03-03,-0.0004964912851316,-1,0.0,0.0004964912851316,-2.482456425658e-07
2022-03-04,-0.0004075938861543,-1,-0.003956737226984282,8.889739897730004e-05,-0.003956781675683771
2022-03-07,-0.0003532805866569,-1,-0.002038993763290689,5.431329949739998e-05,-0.002039020919940438
2022-03-08,-0.0003183953545976,-1,-0.0010254766427474176,3.4885232059300015e-05,-0.0010254940853634473
2022-03-09,-0.0002969575764928,-1,3.228009351969349e-05,2.1437778104800012e-05,3.226937463064109e-05
2022-03-10,-0.0002866177624036,-1,0.0010536506186504225,1.0339814089199966e-05,0.001053645448743378
2022-03-11,-0.0002835517221975,-1,0.0013691269773164422,3.0660402061000332e-06,0.0013691254442963392
2022-03-14,-0.0002860034802686,-1,0.000692690642058952,2.451758071100028e-06,0.0006926894161799165
2022-03-15,-0.0002923255978552,-1,0.00019404149212542653,6.322117586599974e-06,0.00019403833106663323
2022-03-16,-0.0003026019004482,-1,0.00014552805483788648,1.0276302593000008e-05,0.00014552291668658998
2022-03-17,-0.0003170129035678,-1,-0.00018867902983448224,1.4411003119599991e-05,-0.00018868623533604205
2022-03-18,-0.000335825252836,-1,-2.7380049900542478e-05,1.8812349268200023e-05,-2.738945607517658e-05
2022-03-21,-0.0003612775295563,-1,-0.000188958928952179,2.5452276720299967e-05,-0.00018897165509053915
2022-03-22,-0.0003985232253969,-1,-8.008786624800282e-05,3.7245695840600025e-05,-8.010648909592313e-05
2022-03-23,-0.0004572942085117,-1,0.00012200973840530568,5.87709831148e-05,0.00012198035291374828
2022-03-24,-0.0005516013706738,-1,-6.93531972296434e-05,9.430716216210001e-05,-6.940035081072444e-05
2022-03-25,-0.0007098433426346,-1,-5.0588096423415636e-05,0.00015824197196079998,-5.0667217409396036e-05
2022-03-28,-0.0010495400664736,-1,0.00010677586328140641,0.0003396967238389999,0.00010660601491948691
2022-03-29,-0.0017169626680574,-1,0.00048253943887769925,0.0006674226015838001,0.00048220572757690734
2022-03-30,-0.0023729610579675,-1,0.0016624837793076403,0.0006559983899101,0.0016621557801126852
2022-03-31,-0.0024805802000663,-1,0.0024843542612981687,0.00010761914209879994,0.0024843004517271193
2022-04-01,-0.0024282152133831,-1,-0.0004167173804475874,5.2364986683200044e-05,-0.00041674356294092897
2022-04-04,-0.0025232294635836,-1,0.0026888725319568216,9.501425020050011e-05,0.0026888250248317215
2022-04-05,-0.0029570288754066,-1,0.0024883981908486196,0.0004337994118230001,0.002488181291142708
2022-04-06,-0.0039526321288852,-1,0.0022045883867975917,0.0009956032534785995,0.0022040905851708524
2022-04-07,-0.0046691810561832,-1,0.005816073753633668,0.0007165489272980006,0.00581571547917002
2022-04-08,-0.0040460948047703,-1,0.007802416433753895,0.0006230862514129002,0.007802104890628189
2022-04-11,0.0,0,0.008729519530935146,0.0040460948047703,0.008727496483532762
2022-04-12,0.0,0,-0.0,0.0,-0.0
2022-04-13,0.0,0,-0.0,0.0,-0.0
2022-04-14,0.0,0,-0.0,0.0,-0.0
2022-04-18,0.0,0,-0.0,0.0,-0.0
2022-04-19,0.0,0,-0.0,0.0,-0.0
2022-04-20,0.0,0,-0.0,0.0,-0.0
2022-04-21,0.0,0,-0.0,0.0,-0.0
2022-04-22,0.0,0,-0.0,0.0,-0.0
2022-04-25,0.0,0,-0.0,0.0,-0.0
2022-04-26,0.0,0,-0.0,0.0,-0.0
2022-04-27,0.0,0,-0.0,0.0,-0.0
2022-04-28,0.0,0,-0.0,0.0,-0.0
2022-04-29,0.0,0,-0.0,0.0,-0.0
2022-05-02,0.0,0,-0.0,0.0,-0.0
2022-05-03,0.0,0,-0.0,0.0,-0.0
2022-05-04,0.0,0,-0.0,0.0,-0.0
2022-05-05,0.0,0,-0.0,0.0,-0.0
2022-05-06,0.0,0,-0.0,0.0,-0.0
2022-05-09,0.0,0,-0.0,0.0,-0.0
2022-05-10,0.0,0,-0.0,0.0,-0.0
2022-05-11,0.0,0,0.0,0.0,0.0
2022-05-12,0.0,0,0.0,0.0,0.0
2022-05-13,0.0,0,-0.0,0.0,-0.0
2022-05-16,0.0,0,-0.0,0.0,-0.0
2022-05-17,0.0,0,0.0,0.0,0.0
2022-05-18,0.0,0,-0.0,0.0,-0.0
2022-05-19,0.0,0,-0.0,0.0,-0.0
2022-05-20,0.0,0,0.0,0.0,0.0
2022-05-23,0.0,0,0.0,0.0,0.0
2022-05-24,0.0,0,0.0,0.0,0.0
2022-05-25,0.0,0,-0.0,0.0,-0.0
2022-05-26,0.0,0,-0.0,0.0,-0.0
2022-05-27,0.0,0,-0.0,0.0,-0.0
2022-05-31,0.0,0,-0.0,0.0,-0.0
2022-06-01,0.0,0,0.0,0.0,0.0
2022-06-02,0.0,0,0.0,0.0,0.0
2022-06-03,0.0,0,0.0,0.0,0.0
2022-06-06,0.0,0,0.0,0.0,0.0
2022-06-07,0.0,0,0.0,0.0,0.0
2022-06-08,0.0,0,-0.0,0.0,-0.0
2022-06-09,0.0,0,-0.0,0.0,-0.0
2022-06-10,0.0,0,-0.0,0.0,-0.0
2022-06-13,0.0,0,0.0,0.0,0.0
2022-06-14,0.0,0,0.0,0.0,0.0
2022-06-15,0.0,0,0.0,0.0,0.0
2022-06-16,0.0,0,0.0,0.0,0.0
2022-06-17,0.0,0,0.0,0.0,0.0
2022-06-21,0.0,0,0.0,0.0,0.0
2022-06-22,0.0,0,0.0,0.0,0.0
2022-06-23,0.0,0,0.0,0.0,0.0
2022-06-24,0.0,0,0.0,0.0,0.0
2022-06-27,0.0,0,-0.0,0.0,-0.0
2022-06-28,0.0,0,0.0,0.0,0.0
2022-06-29,0.0,0,-0.0,0.0,-0.0
2022-06-30,0.0,0,0.0,0.0,0.0
2022-07-01,0.0,0,0.0,0.0,0.0
2022-07-05,0.0,0,-0.0,0.0,-0.0
2022-07-06,0.0,0,-0.0,0.0,-0.0
2022-07-07,0.0,0,-0.0,0.0,-0.0
2022-07-08,0.0,0,-0.0,0.0,-0.0
2022-07-11,0.0,0,0.0,0.0,0.0
2022-07-12,0.0,0,0.0,0.0,0.0
2022-07-13,0.0,0,-0.0,0.0,-0.0
2022-07-14,0.0,0,0.0,0.0,0.0
2022-07-15,0.0,0,0.0,0.0,0.0
2022-07-18,0.0,0,0.0,0.0,0.0
2022-07-19,0.0,0,0.0,0.0,0.0
2022-07-20,0.0,0,0.0,0.0,0.0
2022-07-21,0.0,0,0.0,0.0,0.0
2022-07-22,0.0,0,0.0,0.0,0.0
2022-07-25,0.0,0,0.0,0.0,0.0
2022-07-26,0.0,0,0.0,0.0,0.0
2022-07-27,0.0,0,0.0,0.0,0.0
2022-07-28,0.0,0,0.0,0.0,0.0
2022-07-29,0.0,0,0.0,0.0,0.0
2022-08-01,0.0,0,0.0,0.0,0.0
2022-08-02,0.0,0,0.0,0.0,0.0
2022-08-03,0.0,0,0.0,0.0,0.0
2022-08-04,0.0,0,0.0,0.0,0.0
2022-08-05,0.0,0,0.0,0.0,0.0
2022-08-08,0.0,0,0.0,0.0,0.0
2022-08-09,0.0,0,0.0,0.0,0.0
2022-08-10,0.0,0,0.0,0.0,0.0
2022-08-11,0.0,0,0.0,0.0,0.0
2022-08-12,0.0,0,0.0,0.0,0.0
2022-08-15,0.0,0,0.0,0.0,0.0
2022-08-16,0.0,0,0.0,0.0,0.0
2022-08-17,0.0,0,0.0,0.0,0.0
2022-08-18,0.0,0,0.0,0.0,0.0
2022-08-19,0.0,0,-0.0,0.0,-0.0
2022-08-22,0.0,0,-0.0,0.0,-0.0
2022-08-23,0.0,0,0.0,0.0,0.0
2022-08-24,0.0,0,-0.0,0.0,-0.0
2022-08-25,0.0,0,0.0,0.0,0.0
2022-08-26,0.0,0,-0.0,0.0,-0.0
2022-08-29,0.0,0,-0.0,0.0,-0.0
2022-08-30,0.0,0,-0.0,0.0,-0.0
2022-08-31,0.0,0,-0.0,0.0,-0.0
2022-09-01,0.0,0,-0.0,0.0,-0.0
2022-09-02,0.0,0,-0.0,0.0,-0.0
2022-09-06,0.0,0,0.0,0.0,0.0
2022-09-07,0.0,0,0.0,0.0,0.0
2022-09-08,0.0,0,0.0,0.0,0.0
2022-09-09,0.0,0,-0.0,0.0,-0.0
2022-09-12,0.0,0,0.0,0.0,0.0
2022-09-13,0.0,0,0.0,0.0,0.0
2022-09-14,0.0,0,0.0,0.0,0.0
2022-09-15,0.0,0,0.0,0.0,0.0
2022-09-16,0.0,0,-0.0,0.0,-0.0
2022-09-19,0.0,0,-0.0,0.0,-0.0
2022-09-20,0.0,0,-0.0,0.0,-0.0
2022-09-21,0.0,0,-0.0,0.0,-0.0
2022-09-22,0.0,0,-0.0,0.0,-0.0
2022-09-23,0.0,0,-0.0,0.0,-0.0
2022-09-26,0.0,0,-0.0,0.0,-0.0
2022-09-27,0.0,0,-0.0,0.0,-0.0
2022-09-28,0.0,0,-0.0,0.0,-0.0
2022-09-29,0.0,0,-0.0,0.0,-0.0
2022-09-30,0.0,0,-0.0,0.0,-0.0
2022-10-03,0.0,0,-0.0,0.0,-0.0
2022-10-04,0.0006291434031374,1,-0.0,0.0006291434031374,-3.145717015687e-07
2022-10-05,0.0005801999509474,1,-0.0016421595857159905,4.894345218999993e-05,-0.0016421840574420855
2022-10-06,0.0005428347081943,1,-0.0016904453700411909,3.736524275309999e-05,-0.0016904640526625675
2022-10-07,0.00051383680243,1,-0.001587304554408366,2.899790576430005e-05,-0.0015873190533612482
2022-10-10,0.0004938194207677,1,-0.0012700097693670862,2.0017381662299958e-05,-0.0012700197780579174
2022-10-11,0.0004806479361935,1,-0.0011776066002045105,1.317148457420002e-05,-0.0011776131859467976
2022-10-12,0.0004689779557709,1,-0.002781058016877092,1.1669980422599998e-05,-0.0027810638518673035
2022-10-13,0.0004629787129675,1,-0.001744832236604822,5.99924280340002e-06,-0.0017448352362262238
2022-10-14,0.000471128311305,1,0.0014173982290106154,8.149598337499982e-06,0.0014173941542114468
2022-10-17,0.0004839730679466,1,-0.0011913375756065555,1.2844756641600043e-05,-0.0011913439979848763
2022-10-18,0.0005060388044979,1,-0.00017414195286044858,2.2065736551300026e-05,-0.00017415298572872424
2022-10-19,0.0005417368691063,1,0.0011535492589915823,3.5698064608399925e-05,0.001153531409959278
2022-10-20,0.0005930387713461,1,0.0006198463973104603,5.130190223980003e-05,0.0006198207463593404
2022-10-21,0.000656409004499,1,-0.00026773651193781926,6.337023315289997e-05,-0.0002677681970543957
2022-10-24,0.0007399016751914,1,0.00043034363055132694,8.349267069240006e-05,0.0004303018842159807
2022-10-25,0.0008509522628952,1,0.00448630047563427,0.00011105058770379992,0.004486244950340419
2022-10-26,0.000965816002272,1,0.0039323029981509355,0.00011486373937680001,0.003932245566281247
2022-10-27,0.0010798222325392,1,0.004282099346314548,0.0001140062302672,0.004282042343199415
2022-10-28,0.0011635891235134,1,0.0038103817086047316,8.376689097420011e-05,0.0038103398251592446
2022-10-31,0.0,0,0.004918972071027978,0.0011635891235134,0.004918390276466221
2022-11-01,0.0,0,0.0,0.0,0.0
2022-11-02,0.0,0,0.0,0.0,0.0
2022-11-03,0.0,0,0.0,0.0,0.0
2022-11-04,0.0,0,0.0,0.0,0.0
2022-11-07,0.0,0,0.0,0.0,0.0
2022-11-08,0.0,0,0.0,0.0,0.0
2022-11-09,0.0,0,0.0,0.0,0.0
2022-11-10,0.0,0,0.0,0.0,0.0
2022-11-11,0.0,0,0.0,0.0,0.0
2022-11-14,0.0,0,0.0,0.0,0.0
2022-11-15,0.0,0,0.0,0.0,0.0
2022-11-16,0.0,0,0.0,0.0,0.0
2022-11-17,0.0,0,0.0,0.0,0.0
2022-11-18,0.0,0,0.0,0.0,0.0
2022-11-21,0.0,0,0.0,0.0,0.0
2022-11-22,0.0,0,-0.0,0.0,-0.0
2022-11-23,0.0,0,-0.0,0.0,-0.0
2022-11-25,0.0,0,-0.0,0.0,-0.0
2022-11-28,0.0,0,-0.0,0.0,-0.0
2022-11-29,0.0,0,-0.0,0.0,-0.0
2022-11-30,0.0,0,-0.0,0.0,-0.0
2022-12-01,0.0,0,-0.0,0.0,-0.0
2022-12-02,0.0,0,-0.0,0.0,-0.0
2022-12-05,0.0,0,-0.0,0.0,-0.0
2022-12-06,0.0,0,-0.0,0.0,-0.0
2022-12-07,0.0,0,-0.0,0.0,-0.0
2022-12-08,0.0,0,-0.0,0.0,-0.0
2022-12-09,0.0,0,-0.0,0.0,-0.0
2022-12-12,0.0,0,-0.0,0.0,-0.0
2022-12-13,0.0,0,-0.0,0.0,-0.0
2022-12-14,0.0,0,-0.0,0.0,-0.0
2022-12-15,0.0,0,-0.0,0.0,-0.0
2022-12-16,0.0,0,-0.0,0.0,-0.0
2022-12-19,0.0,0,-0.0,0.0,-0.0
2022-12-20,0.0,0,-0.0,0.0,-0.0
2022-12-21,0.0,0,-0.0,0.0,-0.0
2022-12-22,0.0,0,-0.0,0.0,-0.0
2022-12-23,0.0,0,-0.0,0.0,-0.0
2022-12-27,0.0,0,-0.0,0.0,-0.0
2022-12-28,0.0,0,-0.0,0.0,-0.0
2022-12-29,0.0009761738843632,1,-0.0,0.0009761738843632,-4.880869421815999e-07
2022-12-30,0.0009743548020016,1,-0.0016675376257875001,1.8190823615999796e-06,-0.001667538535328681
2023-01-03,0.0009742326453165,1,-0.0021984156836129887,1.2215668509997675e-07,-0.002198415744691331
2023-01-04,0.0009584551034415,1,-0.0032146044625051833,1.577754187499997e-05,-0.003214612351276121
2023-01-05,0.0009244181248884,1,-0.0047106674449377516,3.403697855310008e-05,-0.004710684463427028
2023-01-06,0.0008531229318477,1,-0.007009699556336936,7.129519304069994e-05,-0.0070097352039334565
2023-01-09,0.0007355454971763,1,-0.009162263135765101,0.0001175774346714,-0.009162321924482436
2023-01-10,0.0006624498804143,1,-0.0012532984975211479,7.3095616762e-05,-0.001253335045329529
2023-01-11,0.0006299069882926,1,0.0016260949565097315,3.254289212170007e-05,0.0016260786850636707
2023-01-12,0.0006126043967103,1,0.0004795915011024499,1.730259158229993e-05,0.0004795828498066588
2023-01-13,0.0006155670777637,1,0.0027437370295182836,2.962681053399999e-06,0.002743735548177757
2023-01-17,0.0006345119488487,1,0.0034758096160682275,1.8944871084999935e-05,0.003475800143632685
2023-01-18,0.0006631104557874,1,0.0038345142746037887,2.8598506938700015e-05,0.0038344999753503195
2023-01-19,0.0006897933803504,1,0.00753191687580878,2.668292456300004e-05,0.007531903534346499
2023-01-20,0.0,0,0.00860967397103458,0.0006897933803504,0.008609329074344406
2023-01-23,0.0,0,0.0,0.0,0.0
2023-01-24,0.0,0,0.0,0.0,0.0
2023-01-25,0.0,0,0.0,0.0,0.0
2023-01-26,0.0,0,0.0,0.0,0.0
2023-01-27,0.0,0,0.0,0.0,0.0
2023-01-30,0.0,0,0.0,0.0,0.0
2023-01-31,0.0,0,0.0,0.0,0.0
2023-02-01,0.0,0,0.0,0.0,0.0
2023-02-02,0.0,0,0.0,0.0,0.0
2023-02-03,0.0,0,0.0,0.0,0.0
2023-02-06,0.0,0,-0.0,0.0,-0.0
2023-02-07,0.0,0,-0.0,0.0,-0.0
2023-02-08,0.0,0,-0.0,0.0,-0.0
2023-02-09,0.0,0,-0.0,0.0,-0.0
2023-02-10,0.0,0,-0.0,0.0,-0.0
2023-02-13,0.0,0,0.0,0.0,0.0
2023-02-14,0.0,0,-0.0,0.0,-0.0
2023-02-15,0.0,0,-0.0,0.0,-0.0
2023-02-16,0.0,0,-0.0,0.0,-0.0
2023-02-17,0.0,0,-0.0,0.0,-0.0
2023-02-21,0.0,0,-0.0,0.0,-0.0
2023-02-22,0.0,0,-0.0,0.0,-0.0
2023-02-23,0.0,0,-0.0,0.0,-0.0
2023-02-24,0.0,0,-0.0,0.0,-0.0
2023-02-27,0.0,0,-0.0,0.0,-0.0
2023-02-28,0.0,0,-0.0,0.0,-0.0
2023-03-01,0.0,0,-0.0,0.0,-0.0
2023-03-02,0.0,0,-0.0,0.0,-0.0
2023-03-03,0.0,0,-0.0,0.0,-0.0
2023-03-06,0.0,0,0.0,0.0,0.0
2023-03-07,0.0,0,0.0,0.0,0.0
2023-03-08,0.0,0,0.0,0.0,0.0
2023-03-09,0.0,0,-0.0,0.0,-0.0
2023-03-10,0.0,0,-0.0,0.0,-0.0
2023-03-13,0.0,0,0.0,0.0,0.0
2023-03-14,0.0,0,0.0,0.0,0.0
2023-03-15,0.0,0,0.0,0.0,0.0
2023-03-16,0.0,0,0.0,0.0,0.0
2023-03-17,0.0,0,0.0,0.0,0.0
2023-03-20,0.0,0,0.0,0.0,0.0
2023-03-21,0.0,0,0.0,0.0,0.0
2023-03-22,0.0,0,0.0,0.0,0.0
2023-03-23,0.0,0,0.0,0.0,0.0
2023-03-24,0.0,0,0.0,0.0,0.0
2023-03-27,0.0,0,0.0,0.0,0.0
2023-03-28,0.0,0,0.0,0.0,0.0
2023-03-29,0.0,0,0.0,0.0,0.0
2023-03-30,0.0,0,0.0,0.0,0.0
2023-03-31,0.0,0,0.0,0.0,0.0
2023-04-03,0.0,0,0.0,0.0,0.0
2023-04-04,0.0,0,-0.0,0.0,-0.0
2023-04-05,0.0,0,0.0,0.0,0.0
2023-04-06,0.0,0,-0.0,0.0,-0.0
2023-04-10,0.0,0,-0.0,0.0,-0.0
2023-04-11,0.0,0,-0.0,0.0,-0.0
2023-04-12,0.0,0,-0.0,0.0,-0.0
2023-04-13,0.0,0,-0.0,0.0,-0.0
2023-04-14,0.0,0,-0.0,0.0,-0.0
2023-04-17,0.0,0,-0.0,0.0,-0.0
2023-04-18,0.0,0,-0.0,0.0,-0.0
2023-04-19,0.0,0,-0.0,0.0,-0.0
2023-04-20,0.0,0,-0.0,0.0,-0.0
2023-04-21,0.0,0,-0.0,0.0,-0.0
2023-04-24,0.0,0,-0.0,0.0,-0.0
2023-04-25,0.0,0,-0.0,0.0,-0.0
2023-04-26,0.0,0,-0.0,0.0,-0.0
2023-04-27,0.0,0,-0.0,0.0,-0.0
2023-04-28,0.0,0,-0.0,0.0,-0.0
2023-05-01,0.0,0,-0.0,0.0,-0.0
2023-05-02,0.0,0,-0.0,0.0,-0.0
2023-05-03,0.0,0,-0.0,0.0,-0.0
2023-05-04,0.0,0,0.0,0.0,0.0
2023-05-05,0.0,0,0.0,0.0,0.0
2023-05-08,0.0,0,0.0,0.0,0.0
2023-05-09,0.0,0,0.0,0.0,0.0
2023-05-10,0.0,0,0.0,0.0,0.0
2023-05-11,0.0,0,0.0,0.0,0.0
2023-05-12,0.0,0,0.0,0.0,0.0
2023-05-15,0.0,0,0.0,0.0,0.0
2023-05-16,0.0,0,0.0,0.0,0.0
2023-05-17,0.0,0,0.0,0.0,0.0
2023-05-18,0.0,0,0.0,0.0,0.0
2023-05-19,0.0,0,0.0,0.0,0.0
2023-05-22,0.0,0,0.0,0.0,0.0
2023-05-23,0.0,0,0.0,0.0,0.0
2023-05-24,0.0,0,0.0,0.0,0.0
2023-05-25,0.0,0,0.0,0.0,0.0
2023-05-26,0.0,0,0.0,0.0,0.0
2023-05-30,0.0,0,0.0,0.0,0.0
2023-05-31,0.0,0,0.0,0.0,0.0
2023-06-01,0.0,0,-0.0,0.0,-0.0
2023-06-02,0.0,0,0.0,0.0,0.0
2023-06-05,0.0,0,-0.0,0.0,-0.0
2023-06-06,0.0,0,0.0,0.0,0.0
2023-06-07,0.0,0,0.0,0.0,0.0
2023-06-08,0.0,0,-0.0,0.0,-0.0
2023-06-09,0.0,0,0.0,0.0,0.0
2023-06-12,0.0,0,-0.0,0.0,-0.0
2023-06-13,0.0,0,0.0,0.0,0.0
2023-06-14,0.0,0,-0.0,0.0,-0.0
2023-06-15,0.0,0,0.0,0.0,0.0
2023-06-16,0.0,0,0.0,0.0,0.0
2023-06-20,0.0,0,0.0,0.0,0.0
2023-06-21,0.0,0,0.0,0.0,0.0
2023-06-22,0.0,0,0.0,0.0,0.0
2023-06-23,0.0,0,-0.0,0.0,-0.0
2023-06-26,0.0,0,-0.0,0.0,-0.0
2023-06-27,0.0,0,-0.0,0.0,-0.0
2023-06-28,0.0,0,-0.0,0.0,-0.0
2023-06-29,0.0,0,-0.0,0.0,-0.0
2023-06-30,0.0,0,-0.0,0.0,-0.0
2023-07-03,0.0,0,-0.0,0.0,-0.0
2023-07-05,0.0,0,-0.0,0.0,-0.0
2023-07-06,0.0,0,-0.0,0.0,-0.0
2023-07-07,0.0,0,-0.0,0.0,-0.0
2023-07-10,0.0,0,-0.0,0.0,-0.0
2023-07-11,0.0,0,-0.0,0.0,-0.0
2023-07-12,0.0,0,-0.0,0.0,-0.0
2023-07-13,0.0,0,-0.0,0.0,-0.0
2023-07-14,0.0,0,-0.0,0.0,-0.0
2023-07-17,0.0,0,-0.0,0.0,-0.0
2023-07-18,0.0,0,-0.0,0.0,-0.0
2023-07-19,0.0,0,-0.0,0.0,-0.0
2023-07-20,0.0,0,-0.0,0.0,-0.0
2023-07-21,0.0,0,-0.0,0.0,-0.0
2023-07-24,0.0,0,0.0,0.0,0.0
2023-07-25,0.0,0,0.0,0.0,0.0
2023-07-26,0.0,0,0.0,0.0,0.0
2023-07-27,0.0,0,0.0,0.0,0.0
2023-07-28,0.0,0,0.0,0.0,0.0
2023-07-31,0.0,0,0.0,0.0,0.0
2023-08-01,0.0,0,0.0,0.0,0.0
2023-08-02,0.0,0,0.0,0.0,0.0
2023-08-03,0.0,0,0.0,0.0,0.0
2023-08-04,0.0,0,0.0,0.0,0.0
2023-08-07,0.0,0,-0.0,0.0,-0.0
2023-08-08,0.0,0,0.0,0.0,0.0
2023-08-09,0.0,0,0.0,0.0,0.0
2023-08-10,0.0,0,-0.0,0.0,-0.0
2023-08-11,0.0,0,0.0,0.0,0.0
2023-08-14,0.0,0,-0.0,0.0,-0.0
2023-08-15,0.0,0,0.0,0.0,0.0
2023-08-16,0.0,0,0.0,0.0,0.0
2023-08-17,0.0,0,0.0,0.0,0.0
2023-08-18,0.0,0,0.0,0.0,0.0
2023-08-21,0.0,0,0.0,0.0,0.0
2023-08-22,0.0,0,0.0,0.0,0.0
2023-08-23,0.0,0,0.0,0.0,0.0
2023-08-24,0.0,0,0.0,0.0,0.0
2023-08-25,0.0,0,0.0,0.0,0.0
2023-08-28,0.0,0,0.0,0.0,0.0
2023-08-29,0.0,0,0.0,0.0,0.0
2023-08-30,0.0,0,0.0,0.0,0.0
2023-08-31,0.0,0,-0.0,0.0,-0.0
2023-09-01,0.0,0,0.0,0.0,0.0
2023-09-05,0.0,0,-0.0,0.0,-0.0
2023-09-06,0.0,0,-0.0,0.0,-0.0
2023-09-07,0.0,0,-0.0,0.0,-0.0
2023-09-08,0.0,0,-0.0,0.0,-0.0
2023-09-11,0.0,0,-0.0,0.0,-0.0
2023-09-12,0.0,0,-0.0,0.0,-0.0
2023-09-13,0.0,0,-0.0,0.0,-0.0
2023-09-14,0.0,0,-0.0,0.0,-0.0
2023-09-15,0.0,0,-0.0,0.0,-0.0
2023-09-18,0.0,0,-0.0,0.0,-0.0
2023-09-19,0.0,0,-0.0,0.0,-0.0
2023-09-20,0.0,0,-0.0,0.0,-0.0
2023-09-21,0.0,0,-0.0,0.0,-0.0
2023-09-22,0.0,0,-0.0,0.0,-0.0
2023-09-25,0.0,0,-0.0,0.0,-0.0
2023-09-26,0.0,0,-0.0,0.0,-0.0
2023-09-27,0.0,0,-0.0,0.0,-0.0
2023-09-28,0.0,0,-0.0,0.0,-0.0
2023-09-29,0.0,0,-0.0,0.0,-0.0
2023-10-02,0.0,0,-0.0,0.0,-0.0
2023-10-03,0.0,0,-0.0,0.0,-0.0
2023-10-04,0.0,0,-0.0,0.0,-0.0
2023-10-05,0.0,0,-0.0,0.0,-0.0
2023-10-06,0.0,0,-0.0,0.0,-0.0
2023-10-09,0.0,0,-0.0,0.0,-0.0
2023-10-10,0.0,0,-0.0,0.0,-0.0
2023-10-11,0.0,0,-0.0,0.0,-0.0
2023-10-12,0.0,0,0.0,0.0,0.0
2023-10-13,0.0,0,-0.0,0.0,-0.0
2023-10-16,0.0,0,0.0,0.0,0.0
2023-10-17,0.0,0,0.0,0.0,0.0
2023-10-18,0.0,0,-0.0,0.0,-0.0
2023-10-19,0.0,0,0.0,0.0,0.0
2023-10-20,0.0,0,0.0,0.0,0.0
2023-10-23,0.0,0,0.0,0.0,0.0
2023-10-24,0.0,0,0.0,0.0,0.0
2023-10-25,0.0,0,0.0,0.0,0.0
2023-10-26,0.0,0,0.0,0.0,0.0
2023-10-27,0.0,0,0.0,0.0,0.0
2023-10-30,0.0,0,0.0,0.0,0.0
2023-10-31,0.0,0,0.0,0.0,0.0
2023-11-01,0.0,0,-0.0,0.0,-0.0
2023-11-02,0.0,0,0.0,0.0,0.0
2023-11-03,0.0,0,0.0,0.0,0.0
2023-11-06,0.0,0,0.0,0.0,0.0
2023-11-07,0.0,0,0.0,0.0,0.0
2023-11-08,0.0,0,0.0,0.0,0.0
2023-11-09,0.0,0,0.0,0.0,0.0
2023-11-10,0.0,0,0.0,0.0,0.0
2023-11-13,0.0,0,0.0,0.0,0.0
2023-11-14,0.0,0,0.0,0.0,0.0
2023-11-15,0.0,0,0.0,0.0,0.0
2023-11-16,0.0,0,0.0,0.0,0.0
2023-11-17,0.0,0,0.0,0.0,0.0
2023-11-20,0.0,0,0.0,0.0,0.0
2023-11-21,0.0,0,0.0,0.0,0.0
2023-11-22,0.0,0,0.0,0.0,0.0
2023-11-24,0.0,0,0.0,0.0,0.0
2023-11-27,0.0,0,0.0,0.0,0.0
2023-11-28,0.0,0,0.0,0.0,0.0
2023-11-29,0.0,0,0.0,0.0,0.0
2023-11-30,0.0,0,0.0,0.0,0.0
2023-12-01,0.0,0,0.0,0.0,0.0
2023-12-04,0.0,0,-0.0,0.0,-0.0
2023-12-05,0.0,0,-0.0,0.0,-0.0
2023-12-06,0.0,0,-0.0,0.0,-0.0
2023-12-07,0.0,0,-0.0,0.0,-0.0
2023-12-08,0.0,0,-0.0,0.0,-0.0
2023-12-11,0.0,0,-0.0,0.0,-0.0
2023-12-12,0.0,0,-0.0,0.0,-0.0
2023-12-13,0.0,0,-0.0,0.0,-0.0
2023-12-14,0.0,0,-0.0,0.0,-0.0
2023-12-15,0.0,0,-0.0,0.0,-0.0
2023-12-18,0.0,0,-0.0,0.0,-0.0
2023-12-19,0.0,0,-0.0,0.0,-0.0
2023-12-20,0.0,0,-0.0,0.0,-0.0
2023-12-21,0.0007260660447312,1,-0.0,0.0007260660447312,-3.630330223656e-07
2023-12-22,0.0006497837605026,1,-0.0014764631365946715,7.628228422859997e-05,-0.0014765012777367857
2023-12-26,0.000595791729397,1,-0.0016427914081866915,5.399203110560008e-05,-0.0016428184042022443
2023-12-27,0.0005579566808115,1,-0.0011803861008094598,3.783504858549994e-05,-0.0011804050183337525
2023-12-28,0.0005319253965218,1,-0.0009670744748351959,2.60312842897e-05,-0.0009670874904773408
2023-12-29,0.000517173254761,1,-0.00044602116288831243,1.4752141760800076e-05,-0.0004460285389591928
2024-01-02,0.0005084256415489,1,-0.0011887609585092501,8.747613212099943e-06,-0.001188765332315856
2024-01-03,0.000513962610937,1,0.0017387683718440702,5.5369693880999524e-06,0.001738765603359376
2024-01-04,0.0005319792583055,1,0.0013969956829838913,1.801664736849999e-05,0.001396986674660207
2024-01-05,0.0005633567427384,1,0.0016153037733565177,3.137748443290001e-05,0.0016152880846143013
2024-01-08,0.0006083989858089,1,0.0004015287175732584,4.5042243070500055e-05,0.00040150619645172315
2024-01-09,0.0006727590822588,1,0.0008124117249544677,6.43600964499e-05,0.0008123795449062427
2024-01-10,0.0007637815599847,1,0.0003765128802827423,9.102247772590003e-05,0.00037646736904387934
2024-01-11,0.0008913362071042,1,0.0012403895604999595,0.0001275546471194999,0.0012403257831763998
2024-01-12,0.0,0,0.0018873036004369462,0.0008913362071042,0.0018868579323333941
2024-01-16,0.0,0,0.0,0.0,0.0
2024-01-17,0.0,0,0.0,0.0,0.0
2024-01-18,0.0,0,0.0,0.0,0.0
2024-01-19,0.0,0,0.0,0.0,0.0
2024-01-22,0.0,0,0.0,0.0,0.0
2024-01-23,0.0,0,0.0,0.0,0.0
2024-01-24,0.0,0,-0.0,0.0,-0.0
2024-01-25,0.0,0,0.0,0.0,0.0
2024-01-26,0.0,0,0.0,0.0,0.0
2024-01-29,0.0,0,0.0,0.0,0.0
2024-01-30,0.0,0,0.0,0.0,0.0
2024-01-31,0.0,0,0.0,0.0,0.0
2024-02-01,0.0,0,0.0,0.0,0.0
2024-02-02,0.0,0,-0.0,0.0,-0.0
2024-02-05,0.0,0,0.0,0.0,0.0
2024-02-06,0.0,0,0.0,0.0,0.0
2024-02-07,0.0,0,0.0,0.0,0.0
2024-02-08,0.0,0,0.0,0.0,0.0
2024-02-09,0.0,0,0.0,0.0,0.0
2024-02-12,0.0,0,0.0,0.0,0.0
2024-02-13,0.0,0,0.0,0.0,0.0
2024-02-14,0.0,0,0.0,0.0,0.0
2024-02-15,0.0,0,0.0,0.0,0.0
2024-02-16,0.0,0,0.0,0.0,0.0
2024-02-20,0.0,0,0.0,0.0,0.0
2024-02-21,0.0,0,0.0,0.0,0.0
2024-02-22,0.0,0,-0.0,0.0,-0.0
2024-02-23,0.0,0,0.0,0.0,0.0
2024-02-26,0.0,0,-0.0,0.0,-0.0
2024-02-27,0.0,0,0.0,0.0,0.0
2024-02-28,0.0,0,0.0,0.0,0.0
2024-02-29,0.0,0,0.0,0.0,0.0
2024-03-01,-0.0007254815602084,-1,0.0,0.0007254815602084,-3.627407801042e-07
2024-03-04,-0.0007569191855992,-1,-4.295812216437829e-05,3.1437625390799955e-05,-4.297384097707369e-05
2024-03-05,-0.0008083422021071,-1,-0.0006118018494347248,5.142301650790007e-05,-0.0006118275609429788
2024-03-06,-0.0008796568279704,-1,-0.0013876199120235546,7.131462586329994e-05,-0.0013876555693364864
2024-03-07,-0.000977302731698,-1,-0.0008276198426540887,9.764590372759996e-05,-0.0008276686656059525
2024-03-08,-0.0011038131413965,-1,-0.0014578746155522206,0.00012651040969849999,-0.0014579378707570698
2024-03-11,-0.0011828470740237,-1,-0.001127366851587033,7.903393262720013e-05,-0.0011274063685533465
2024-03-12,-0.0012814205753019,-1,-0.0012103439914108083,9.857350127819996e-05,-0.0012103932781614474
2024-03-13,-0.0014006376904325,-1,-0.002045514788512886,0.00011921711513059995,-0.0020455743970704513
2024-03-14,-0.0015264381982989,-1,-0.0013593425338805786,0.0001258005078664001,-0.0013594054341345117
2024-03-15,-0.0016456385048365,-1,-0.0020560930329979535,0.00011920030653759985,-0.0020561526331512223
2024-03-18,-0.001728844681088,-1,-0.0004305534382809599,8.32061762515001e-05,-0.00043059504136908565
2024-03-19,-0.0017514246443354,-1,0.002151668929325144,2.257996324740003e-05,0.0021516576393435204
2024-03-20,-0.0017315804961305,-1,-0.0026086248647777107,1.984414820489994e-05,-0.002608634786851813
2024-03-21,-0.0017820218849047,-1,0.0029103198019323428,5.0441388774199927e-05,0.0029102945812379557
2024-03-22,-0.0018778750100271,-1,0.00193436936712108,9.585312512239998e-05,0.0019343214405585188
2024-03-25,-0.0020630503179111,-1,0.0031031183893076466,0.00018517530788400008,0.0031030258016537045
2024-03-26,-0.0023262050956274,-1,0.0025468354143794018,0.00026315477771630003,0.0025467038369905437
2024-03-27,-0.0025175103784729,-1,0.0022079752802808515,0.00019130528284549975,0.002207879627639429
2024-03-28,-0.0026569680302252,-1,0.005477184116391756,0.00013945765175230008,0.0054771143875658795
2024-04-01,0.0,0,0.00761675102152247,0.0026569680302252,0.007615422537507357
2024-04-02,0.0,0,-0.0,0.0,-0.0
2024-04-03,0.0,0,-0.0,0.0,-0.0
2024-04-04,0.0,0,-0.0,0.0,-0.0
2024-04-05,0.0,0,0.0,0.0,0.0
2024-04-08,0.0,0,-0.0,0.0,-0.0
2024-04-09,0.0,0,0.0,0.0,0.0
2024-04-10,0.0,0,-0.0,0.0,-0.0
2024-04-11,0.0,0,0.0,0.0,0.0
2024-04-12,0.0,0,-0.0,0.0,-0.0
2024-04-15,0.0,0,-0.0,0.0,-0.0
2024-04-16,0.0,0,-0.0,0.0,-0.0
2024-04-17,0.0,0,-0.0,0.0,-0.0
2024-04-18,0.0,0,0.0,0.0,0.0
2024-04-19,0.0,0,0.0,0.0,0.0
2024-04-22,-0.0031503814344046,-1,0.0,0.0031503814344046,-1.5751907172023e-06
2024-04-23,-0.0036967921455371,-1,-0.0035077781330013743,0.0005464107111325003,-0.0035080513383569404
2024-04-24,-0.0042957788839772,-1,-0.0002624338047795882,0.0005989867384400996,-0.00026273329814880823
2024-04-25,-0.0051999598420263,-1,0.0064500155324983596,0.0009041809580491002,0.006449563442019335
2024-04-26,0.0,0,0.008690471543958656,0.0051999598420263,0.008687871564037643
2024-04-29,0.0,0,-0.0,0.0,-0.0
2024-04-30,0.0,0,-0.0,0.0,-0.0
2024-05-01,0.0,0,-0.0,0.0,-0.0
2024-05-02,0.0,0,-0.0,0.0,-0.0
2024-05-03,0.0,0,-0.0,0.0,-0.0
2024-05-06,0.0,0,-0.0,0.0,-0.0
2024-05-07,0.0,0,-0.0,0.0,-0.0
2024-05-08,0.0,0,-0.0,0.0,-0.0
2024-05-09,0.0,0,-0.0,0.0,-0.0
2024-05-10,0.0,0,-0.0,0.0,-0.0
2024-05-13,0.0,0,-0.0,0.0,-0.0
2024-05-14,0.0,0,-0.0,0.0,-0.0
2024-05-15,0.0,0,-0.0,0.0,-0.0
2024-05-16,0.0,0,-0.0,0.0,-0.0
2024-05-17,0.0,0,-0.0,0.0,-0.0
2024-05-20,0.0,0,-0.0,0.0,-0.0
2024-05-21,0.0,0,-0.0,0.0,-0.0
2024-05-22,0.0,0,-0.0,0.0,-0.0
2024-05-23,0.0,0,-0.0,0.0,-0.0
2024-05-24,0.0,0,-0.0,0.0,-0.0
2024-05-28,0.0,0,0.0,0.0,0.0
2024-05-29,0.0,0,0.0,0.0,0.0
2024-05-30,0.0,0,0.0,0.0,0.0
2024-05-31,0.0,0,-0.0,0.0,-0.0
2024-06-03,0.0,0,-0.0,0.0,-0.0
2024-06-04,0.0,0,0.0,0.0,0.0
2024-06-05,0.0,0,-0.0,0.0,-0.0
2024-06-06,0.0,0,-0.0,0.0,-0.0
2024-06-07,0.0,0,-0.0,0.0,-0.0
2024-06-10,0.0,0,-0.0,0.0,-0.0
2024-06-11,0.0,0,0.0,0.0,0.0
2024-06-12,0.0,0,0.0,0.0,0.0
2024-06-13,0.0,0,0.0,0.0,0.0
2024-06-14,0.0,0,0.0,0.0,0.0
2024-06-17,0.0,0,0.0,0.0,0.0
2024-06-18,0.0,0,0.0,0.0,0.0
2024-06-20,0.0,0,0.0,0.0,0.0
2024-06-21,-0.0013324421535087,-1,0.0,0.0013324421535087,-6.6622107675435e-07
2024-06-24,-0.0011928712174664,-1,-0.0031010170619558256,0.00013957093604229998,-0.0031010868474238467
2024-06-25,-0.0010929987149133,-1,-0.0016029522423539897,9.987250255310003e-05,-0.0016030021786052663
2024-06-26,-0.0010133421333011,-1,-0.001789566958037692,7.965658161220002e-05,-0.001789606786328498
2024-06-27,-0.0009496283773518,-1,-0.0017291540530523267,6.371375594929997e-05,-0.0017291859099303013
2024-06-28,-0.0008963488035541,-1,-0.0017929753338357527,5.3279573797699936e-05,-0.0017930019736226515
2024-07-01,-0.0008510561942589,-1,-0.002074607901345211,4.529260929520007e-05,-0.0020746305476498587
2024-07-02,-0.000812302358964,-1,-0.002219786743956557,3.8753835294899966e-05,-0.0022198061208742043
2024-07-03,-0.0007788541663578,-1,-0.0020307040821245133,3.344819260620003e-05,-0.0020307208062208164
2024-07-05,-0.0007538439726721,-1,-0.0021321503920279615,2.501019368569997e-05,-0.0021321628971248045
2024-07-08,-0.0007454226793338,-1,-0.000766619330069197,8.42129333830004e-06,-0.0007666235407158661
2024-07-09,-0.0007544294370153,-1,-0.001255938093595752,9.006757681499994e-06,-0.001255942596974593
2024-07-10,-0.0007803005694551,-1,-0.0013830928434427285,2.5871132439800023e-05,-0.0013831057790089484
2024-07-11,-0.0008116462235801,-1,-0.0017142760252633245,3.134565412500005e-05,-0.0017142916980903869
2024-07-12,-0.0008352840975342,-1,-0.0025625504413201152,2.3637873954099916e-05,-0.0025625622602570924
2024-07-15,-0.0008432750395723,-1,-0.0016805850860818969,7.990942038100016e-06,-0.001680589081552916
2024-07-16,-0.000836281863225,-1,-0.0019141881354195896,6.9931763472999954e-06,-0.0019141916320077634
2024-07-17,-0.0008242440459231,-1,-0.0016295010180940718,1.2037817301899993e-05,-0.0016295070370027228
2024-07-18,-0.0008251999968355,-1,0.00017321223733631402,9.559509124000033e-07,0.00017321175936085782
2024-07-19,-0.0008431404600245,-1,0.0005610689366178762,1.7940463188999994e-05,0.0005610599663862817
2024-07-22,-0.0008727350882973,-1,0.0001320248663982465,2.959462827280008e-05,0.0001320100690841101
2024-07-23,-0.0009096278413731,-1,4.905560865374709e-05,3.689275307579992e-05,4.903716227720919e-05
2024-07-24,-0.0009565127777429,-1,-0.0009923030791327107,4.6884936369800023e-05,-0.0009923265216008957
2024-07-25,-0.0010172171017037,-1,-0.0004884115183677542,6.07043239608001e-05,-0.0004884418705297346
2024-07-26,-0.0010960052799769,-1,-0.00044846264731404384,7.87881782731998e-05,-0.00044850204140318045
2024-07-29,-0.0012115153200119,-1,0.001795252219423278,0.00011551004003500015,0.0017951944644032604
2024-07-30,-0.0013623260601898,-1,0.0007785856459192434,0.0001508107401779,0.0007785102405491544
2024-07-31,-0.0015602063695799,-1,0.0035844479168226726,0.00019788030939010002,0.0035843489766679776
2024-08-01,-0.001801594095961,-1,0.00016967983533137335,0.00024138772638109983,0.0001695591414681828
2024-08-02,-0.0020665374550517,-1,0.002081749675413678,0.0002649433590907002,0.002081617203734133
2024-08-05,-0.0022560739812266,-1,0.012455437763363133,0.0001895365261748998,0.012455342995100045
2024-08-06,-0.0022531446069359,-1,0.004973184816371507,2.9293742907000354e-06,0.004973183351684362
2024-08-07,-0.0020901040146346,-1,0.0030573200210439063,0.00016304059230129973,0.0030572385007477556
2024-08-08,-0.0018456405957873,-1,0.0032502887941697556,0.00024446341884730004,0.003250166562460332
2024-08-09,-0.001585902306817,-1,0.004359712740833355,0.0002597382889703002,0.004359582871688869
2024-08-12,-0.0013565252607551,-1,0.005212386644160953,0.00022937704606189996,0.005212271955637922
2024-08-13,-0.001191185411641,-1,0.0032232038734810483,0.00016533984911410002,0.0032231212035564913
2024-08-14,-0.0010426102809095,-1,0.005784726468948175,0.00014857513073150003,0.005784652181382809
2024-08-15,-0.0008979930777992,-1,0.0065367518236551,0.00014461720311029994,0.006536679515053545
2024-08-16,0.0,0,0.005418551593248023,0.0008979930777992,0.005418102596709124
2024-08-19,0.0,0,-0.0,0.0,-0.0
2024-08-20,0.0,0,-0.0,0.0,-0.0
2024-08-21,0.0,0,-0.0,0.0,-0.0
2024-08-22,0.0,0,-0.0,0.0,-0.0
2024-08-23,0.0,0,-0.0,0.0,-0.0
2024-08-26,0.0,0,-0.0,0.0,-0.0
2024-08-27,0.0,0,-0.0,0.0,-0.0
2024-08-28,0.0003080944716326,1,-0.0,0.0003080944716326,-1.540472358163e-07
2024-08-29,0.0003028971908044,1,-0.0004470334448954266,5.197280828200021e-06,-0.0004470360435358407
2024-08-30,0.0003007221780509,1,-0.001108202835723545,2.17501275350001e-06,-0.0011082039232299219
2024-09-03,0.0002968845636618,1,-0.001788974268530221,3.837614389100004e-06,-0.0017889761873374156
2024-09-04,0.0002946973836311,1,-0.0014099566839561096,2.1871800306999946e-06,-0.001409957777546125
2024-09-05,0.0002956425052593,1,-0.0010516367553330306,9.451216281999961e-07,-0.0010516372278938447
2024-09-06,0.0003033787417559,1,0.0006189194136387654,7.736236496600022e-06,0.000618915545520517
2024-09-09,0.0003174382213571,1,0.0003566146364313938,1.4059479601199977e-05,0.0003566076066915932
2024-09-10,0.0003383491184607,1,0.00022725366305769733,2.0910897103600026e-05,0.00022724320760914553
2024-09-11,0.0003707927950546,1,0.00040885195471639807,3.2443676593899994e-05,0.0004088357328781011
2024-09-12,0.0004160397198066,1,-0.00025578664538671394,4.5246924752e-05,-0.0002558092688490899
2024-09-13,0.0004811510112399,1,0.0007629851177578139,6.511129143329999e-05,0.0007629525621120972
2024-09-16,0.0005829743956319,1,0.0007476550364018765,0.00010182338439199996,0.0007476041247096804
2024-09-17,0.0007380464654995,1,0.00023972070581101048,0.0001550720698676,0.00023964316977607668
2024-09-18,0.0009412386171154,1,0.000995212144449749,0.0002031921516159,0.0009951105483739409
2024-09-19,0.0011634837693581,1,-0.0009598013785369067,0.00022224515224269993,-0.0009599125011130281
2024-09-20,0.0013158840396989,1,0.0037719267294293417,0.0001524002703408001,0.003771850529294171
2024-09-23,0.0014676185538107,1,-0.00017907552385618207,0.00015173451411179995,-0.00017915139111323797
2024-09-24,0.0016640597653051,1,0.0013211160682220927,0.0001964412114944,0.0013210178476163455
2024-09-25,0.0019007748891301,1,0.00197918909753823,0.00023671512382500014,0.001979070739976317
2024-09-26,0.0020771131937175,1,0.0006918423272820821,0.00017633830458740007,0.0006917541581297884
2024-09-27,0.0021779739878791,1,0.002823899347262926,0.00010086079416159969,0.002823848916865845
2024-09-30,0.0021148878470222,1,0.0010773308783907063,6.308614085689989e-05,0.001077299335320278
2024-10-01,0.0019739438566121,1,0.0009967835292520007,0.0001409439904101,0.0009967130572567956
2024-10-02,0.0019095913456409,1,0.00125359933207006,6.435251097119997e-05,0.0012535671558145745
2024-10-03,0.0019329255917244,1,0.004010616334682035,2.3334246083500003e-05,0.004010604667558993
2024-10-04,0.0,0,0.00865039006398184,0.0019329255917244,0.008649423601185978
2024-10-07,0.0,0,0.0,0.0,0.0
2024-10-08,0.0,0,0.0,0.0,0.0
2024-10-09,0.0,0,0.0,0.0,0.0
2024-10-10,0.0,0,0.0,0.0,0.0
2024-10-11,0.0,0,0.0,0.0,0.0
2024-10-14,0.0,0,0.0,0.0,0.0
2024-10-15,0.0,0,0.0,0.0,0.0
2024-10-16,0.0,0,0.0,0.0,0.0
2024-10-17,0.0,0,0.0,0.0,0.0
2024-10-18,0.0,0,0.0,0.0,0.0
2024-10-21,-0.0004618233827974,-1,0.0,0.0004618233827974,-2.309116913987e-07
2024-10-22,-0.00043331090696,-1,-0.001155333865943245,2.8512475837399987e-05,-0.0011553481221811637
2024-10-23,-0.0004157108383724,-1,-0.00029303239431672433,1.7600068587600003e-05,-0.00029304119435101815
2024-10-24,-0.0004068839144406,-1,-0.00020163282619509474,8.826923931800018e-06,-0.00020163723965706064
2024-10-25,-0.0004035414084535,-1,-0.00041768558282355634,3.3425059870999664e-06,-0.00041768725407654987
2024-10-28,-0.0004093514627593,-1,0.0007569643977874257,5.810054305799956e-06,0.0007569614927602728
2024-10-29,0.0,0,0.0025151419508985143,0.0004093514627593,0.002514937275167135
2024-10-30,0.0,0,-0.0,0.0,-0.0
2024-10-31,0.0,0,-0.0,0.0,-0.0
2024-11-01,0.0,0,-0.0,0.0,-0.0
2024-11-04,0.0,0,-0.0,0.0,-0.0
2024-11-05,0.0,0,-0.0,0.0,-0.0
2024-11-06,0.0,0,-0.0,0.0,-0.0
2024-11-07,0.0,0,-0.0,0.0,-0.0
2024-11-08,0.0,0,-0.0,0.0,-0.0
2024-11-11,0.0,0,-0.0,0.0,-0.0
2024-11-12,0.0,0,-0.0,0.0,-0.0
2024-11-13,0.0,0,-0.0,0.0,-0.0
2024-11-14,0.0004687332927959,1,-0.0,0.0004687332927959,-2.3436664639794999e-07
2024-11-15,0.0004419465639329,1,-0.0005929433513364873,2.6786728862999954e-05,-0.0005929567447009188
2024-11-18,0.0004264837748268,1,-0.0006410113347939337,1.546278910610001e-05,-0.0006410190661884867
2024-11-19,0.0004230415154792,1,0.0002719972499650475,3.4422593476000213e-06,0.00027199552883537374
2024-11-20,0.0004294896123475,1,0.00045899355437600695,6.448096868299992e-06,0.0004589903303275728
2024-11-21,0.0004463253022413,1,0.0003008751056720864,1.6835689893800003e-05,0.0003008666878271395
2024-11-22,0.0004780029100056,1,-2.3162737240484513e-06,3.1677607764300016e-05,-2.332112527930601e-06
2024-11-25,0.0005255444839975,1,-7.435865941779489e-05,4.754157399190003e-05,-7.438243020479084e-05
2024-11-26,0.0005830255816404,1,0.0004030684353005117,5.748109764290002e-05,0.00040303969475169026
2024-11-27,0.0,0,0.00025363836562657333,0.0005830255816404,0.00025334685283575313
2024-11-29,0.0,0,-0.0,0.0,-0.0
2024-12-02,0.0008569736621269,1,-0.0,0.0008569736621269,-4.2848683106345e-07
2024-12-03,0.0009972661006858,1,-0.000483983237477433,0.0001402924385589001,-0.00048405338369671245
2024-12-04,0.0011835305843966,1,-0.0012804839704232069,0.00018626448371079993,-0.0012805771026650622
2024-12-05,0.0014798344601352,1,-0.0008322483701971194,0.00029630387573860006,-0.0008323965221349888
2024-12-06,0.001905014496814,1,5.215171404560878e-06,0.0004251800366787998,5.002581386221478e-06
2024-12-09,0.0024590237704502,1,-0.00279897956830679,0.0005540092736362001,-0.0027992565729436083
2024-12-10,0.0032473521035517,1,-0.0018617518719834135,0.0007883283331015,-0.0018621460361499642
2024-12-11,0.0043508050859829,1,0.0037832821095814258,0.0011034529824311998,0.0037827303830902104
2024-12-12,0.0053442779780116,1,0.0035744292320176053,0.0009934728920287005,0.003573932495571591
2024-12-13,0.0054640802191161,1,0.00510266777413546,0.00011980224110449966,0.005102607873014907
2024-12-16,0.0054785260221067,1,0.005122220584457882,1.444580299060031e-05,0.005122213361556386
2024-12-17,0.0,0,0.01572931081438597,0.0054785260221067,0.01572657155137492
2024-12-18,0.0,0,0.0,0.0,0.0
2024-12-19,0.0,0,0.0,0.0,0.0
2024-12-20,0.0,0,0.0,0.0,0.0
2024-12-23,0.0,0,0.0,0.0,0.0
2024-12-24,0.0,0,0.0,0.0,0.0
2024-12-26,0.0,0,0.0,0.0,0.0
2024-12-27,0.0,0,0.0,0.0,0.0
2024-12-30,0.0,0,0.0,0.0,0.0
2024-12-31,0.0,0,0.0,0.0,0.0
