Date,0
2015-01-02,
2015-01-05,
2015-01-06,
2015-01-07,
2015-01-08,
2015-01-09,
2015-01-12,
2015-01-13,
2015-01-14,
2015-01-15,
2015-01-16,
2015-01-20,
2015-01-21,
2015-01-22,
2015-01-23,
2015-01-26,
2015-01-27,
2015-01-28,
2015-01-29,
2015-01-30,
2015-02-02,
2015-02-03,
2015-02-04,
2015-02-05,
2015-02-06,
2015-02-09,
2015-02-10,
2015-02-11,
2015-02-12,
2015-02-13,
2015-02-17,
2015-02-18,
2015-02-19,
2015-02-20,
2015-02-23,
2015-02-24,
2015-02-25,
2015-02-26,
2015-02-27,
2015-03-02,
2015-03-03,
2015-03-04,
2015-03-05,
2015-03-06,
2015-03-09,
2015-03-10,
2015-03-11,
2015-03-12,
2015-03-13,
2015-03-16,
2015-03-17,
2015-03-18,
2015-03-19,
2015-03-20,
2015-03-23,
2015-03-24,
2015-03-25,
2015-03-26,
2015-03-27,
2015-03-30,
2015-03-31,11.432980994274043
2015-04-01,10.457396185117588
2015-04-02,8.405961053341667
2015-04-06,4.800292399384329
2015-04-07,3.6677992519514895
2015-04-08,3.8671301656951336
2015-04-09,3.6272642037051774
2015-04-10,3.1429102034193406
2015-04-13,2.696780722913463
2015-04-14,1.9290737674262886
2015-04-15,1.6281821810338464
2015-04-16,1.967534333199307
2015-04-17,2.1939956039768944
2015-04-20,2.2815020176967558
2015-04-21,3.7223239551192258
2015-04-22,5.036441322783336
2015-04-23,6.037182284797208
2015-04-24,5.987353661545583
2015-04-27,5.622324520687009
2015-04-28,5.48328700750362
2015-04-29,4.1650653500447845
2015-04-30,3.473413371235882
2015-05-01,3.359276760996295
2015-05-04,3.266598079644787
2015-05-05,3.15894530134835
2015-05-06,3.09082628926258
2015-05-07,3.0565823777262153
2015-05-08,3.321344112997032
2015-05-11,2.8597213202987923
2015-05-12,1.8066831922155444
2015-05-13,1.690824778655852
2015-05-14,1.4582329838224624
2015-05-15,0.6305106913810086
2015-05-18,0.9887614483333351
2015-05-19,1.1765511326462494
2015-05-20,0.7747628183549402
2015-05-21,0.4611418065764177
2015-05-22,0.04338324934958848
2015-05-26,0.42518708003842676
2015-05-27,2.836324008026157
2015-05-28,5.325733907406633
2015-05-29,7.6571736727260316
2015-06-01,9.159024687345251
2015-06-02,10.487978733773037
2015-06-03,10.480155113581084
2015-06-04,10.534341377746422
2015-06-05,10.553671853356413
2015-06-08,11.438437944708092
2015-06-09,11.47461087560685
2015-06-10,12.137534048982129
2015-06-11,12.191482638547946
2015-06-12,11.774337741747274
2015-06-15,11.367149906295065
2015-06-16,11.573279116378608
2015-06-17,11.703779442713952
2015-06-18,11.880825488420477
2015-06-19,11.73972097579145
2015-06-22,11.762692267743265
2015-06-23,11.79886063246822
2015-06-24,11.727868102032609
2015-06-25,11.44743775505956
2015-06-26,11.351732295522861
2015-06-29,10.998072038139298
2015-06-30,10.071549224349106
2015-07-01,9.058344525204905
2015-07-02,8.717099113269132
2015-07-06,8.470335718460493
2015-07-07,8.306557920805737
2015-07-08,8.815593081168366
2015-07-09,9.359560635342195
2015-07-10,9.155857032606256
2015-07-13,8.630668545870282
2015-07-14,9.447131717681746
2015-07-15,9.203490585945023
2015-07-16,8.812249296403849
2015-07-17,7.731755721292732
2015-07-20,7.41365754491887
2015-07-21,6.894834784453504
2015-07-22,6.185909714357571
2015-07-23,5.896463037144798
2015-07-24,5.341326427930799
2015-07-27,5.384562928776802
2015-07-28,5.205742498958433
2015-07-29,5.0889403748621405
2015-07-30,5.211874680486115
2015-07-31,5.801515693471323
2015-08-03,5.607044331793347
2015-08-04,5.0220366562004735
2015-08-05,4.03638649461714
2015-08-06,3.302541209709883
2015-08-07,3.0983445838327235
2015-08-10,3.1589933396219507
2015-08-11,3.3837262957701135
2015-08-12,3.461870607264114
2015-08-13,3.441214998178875
2015-08-14,4.0839496886870705
2015-08-17,4.754926388860859
2015-08-18,5.682792065772588
2015-08-19,6.2000910964384985
2015-08-20,6.932611110308301
2015-08-21,6.948469858235075
2015-08-24,7.174338908466471
2015-08-25,6.365391559264999
2015-08-26,5.460587884446625
2015-08-27,5.051697374216683
2015-08-28,4.951965295791105
2015-08-31,4.753683045506843
2015-09-01,4.493117182475217
2015-09-02,3.965938097248568
2015-09-03,3.5689311254973433
2015-09-04,3.1745361623117
2015-09-08,2.6791959630494944
2015-09-09,2.291042838689023
2015-09-10,1.7075665525402748
2015-09-11,1.0745934241800938
2015-09-14,0.6925851949143578
2015-09-15,0.49586628004600897
2015-09-16,0.4967812967601333
2015-09-17,0.5870118745493436
2015-09-18,0.42973804249517045
2015-09-21,0.3419959731502189
2015-09-22,0.4048277440793093
2015-09-23,0.3558508960993336
2015-09-24,0.5935522632764894
2015-09-25,0.7571149955997889
2015-09-28,1.103837406093124
2015-09-29,1.3150692147972833
2015-09-30,1.4766117416823938
2015-10-01,1.3506992656610137
2015-10-02,1.7151166851844586
2015-10-05,1.734495701617984
2015-10-06,1.1868230874225567
2015-10-07,1.0214813136519183
2015-10-08,1.2379246986685928
2015-10-09,0.9324407831714758
2015-10-12,1.0099056718955168
2015-10-13,0.997238265361716
2015-10-14,1.0364611776639698
2015-10-15,0.7851888866291148
2015-10-16,0.13836687310130813
2015-10-19,-0.062197324161122225
2015-10-20,0.2507397375592717
2015-10-21,0.11682973775845085
2015-10-22,0.020178845053191452
2015-10-23,0.00936395554678171
2015-10-26,0.049097506285999515
2015-10-27,0.3104532074317774
2015-10-28,0.925958591316494
2015-10-29,1.2484743807196388
2015-10-30,1.3592648455953622
2015-11-02,1.7816939435458927
2015-11-03,1.9771609924136584
2015-11-04,1.9703870367187903
2015-11-05,2.2968154422622256
2015-11-06,2.202201472097169
2015-11-09,2.0372358700799857
2015-11-10,2.1372998324352785
2015-11-11,1.9830223495774462
2015-11-12,1.7564285350756883
2015-11-13,1.5438302631782932
2015-11-16,1.4477022115434899
2015-11-17,1.4685000788723812
2015-11-18,1.6229169336440208
2015-11-19,1.957397716703337
2015-11-20,1.598631646806428
2015-11-23,1.754376458802728
2015-11-24,1.959609366213403
2015-11-25,1.6935534039656943
2015-11-27,1.3585933668311014
2015-11-30,0.9104341253353319
2015-12-01,0.7012160317994578
2015-12-02,0.8181665194029115
2015-12-03,0.744785968859734
2015-12-04,0.9106674211493591
2015-12-07,1.0173438421305505
2015-12-08,1.2425077751207176
2015-12-09,1.5359960924949192
2015-12-10,1.9733803790920952
2015-12-11,2.07507893526644
2015-12-14,2.3780978117149942
2015-12-15,2.912111258635754
2015-12-16,3.3667843941172677
2015-12-17,3.5622125497568256
2015-12-18,4.035603323841034
2015-12-21,4.780909877296676
2015-12-22,5.437648557342122
2015-12-23,5.677193496682804
2015-12-24,5.7795816464892305
2015-12-28,5.9594105146825775
2015-12-29,6.930864476145796
2015-12-30,6.628512173994409
2015-12-31,6.100147385692544
2016-01-04,7.128879937887287
2016-01-05,7.964494186312468
2016-01-06,8.104418668516644
2016-01-07,8.28996144891832
2016-01-08,8.37968185576181
2016-01-11,8.674238063982504
2016-01-12,9.149023919753027
2016-01-13,9.914530324328464
2016-01-14,10.96819889187373
2016-01-15,12.162292841297962
2016-01-19,13.460813679246161
2016-01-20,13.978691848472167
2016-01-21,14.195054398847653
2016-01-22,14.17786162264391
2016-01-25,14.023606747866264
2016-01-26,13.481754931863708
2016-01-27,13.066074614102373
2016-01-28,12.730818940733368
2016-01-29,11.808808006881684
2016-02-01,11.078585240631359
2016-02-02,10.18183117941004
2016-02-03,9.741874541508718
2016-02-04,9.483035530112875
2016-02-05,9.46828511321219
2016-02-08,9.88662346497236
2016-02-09,10.508543558316017
2016-02-10,10.11566152433377
2016-02-11,10.57507418579003
2016-02-12,11.437946882291914
2016-02-16,11.470403076784862
2016-02-17,11.506117296330558
2016-02-18,10.982751927083566
2016-02-19,10.609567189680067
2016-02-22,10.080471298685008
2016-02-23,9.200283595578554
2016-02-24,9.003895901639652
2016-02-25,8.536865559386605
2016-02-26,7.713086710899869
2016-02-29,7.697033134886244
2016-03-01,7.5788481389941005
2016-03-02,7.341547691131705
2016-03-03,6.957733964101756
2016-03-04,6.0326934554686105
2016-03-07,5.356736753127759
2016-03-08,4.7528552210592565
2016-03-09,4.305233036282942
2016-03-10,3.4864399946728923
2016-03-11,2.4517440017557988
2016-03-14,1.4189627993893978
2016-03-15,-0.17519713726644426
2016-03-16,-1.6095262231635274
2016-03-17,-2.490086168981442
2016-03-18,-3.6528716945214725
2016-03-21,-4.754245915257954
2016-03-22,-5.678276102277103
2016-03-23,-6.846454875150151
2016-03-24,-7.765175126155647
2016-03-28,-8.931741192627783
2016-03-29,-10.24298926906598
2016-03-30,-12.742703915120558
2016-03-31,-13.785053885374566
2016-04-01,-14.509365495303854
2016-04-04,-14.654785090740596
2016-04-05,-14.734424462979902
2016-04-06,-14.7350050610628
2016-04-07,-14.222538368911124
2016-04-08,-13.834046254264315
2016-04-11,-12.825138148371508
2016-04-12,-12.276695268565305
2016-04-13,-11.823046945976458
2016-04-14,-11.764174232663926
2016-04-15,-11.725599727194755
2016-04-18,-12.218994537580564
2016-04-19,-12.510889175848803
2016-04-20,-13.379363686638804
2016-04-21,-13.059956333988346
2016-04-22,-12.814160803419576
2016-04-25,-13.184743994873578
2016-04-26,-12.623989743645588
2016-04-27,-11.660790055128224
2016-04-28,-11.109922966663703
2016-04-29,-9.888198045209329
2016-05-02,-9.008837344451486
2016-05-03,-8.3456896677897
2016-05-04,-7.371447092781587
2016-05-05,-6.220059468192339
2016-05-06,-5.357847385652846
2016-05-09,-3.7833724835785745
2016-05-10,-1.8691676645774393
2016-05-11,0.5409827873330713
2016-05-12,2.3227911014717613
2016-05-13,4.028351792168262
2016-05-16,5.0715124379004735
2016-05-17,5.468979023806078
2016-05-18,6.053707560071864
2016-05-19,6.306172532184551
2016-05-20,6.639602034659092
2016-05-23,6.6448258283274235
2016-05-24,7.548500413405247
2016-05-25,8.562304711000625
2016-05-26,9.264815359328825
2016-05-27,10.118212612018404
2016-05-31,11.005930208954538
2016-06-01,11.529555909682674
2016-06-02,12.49899794522069
2016-06-03,13.51010732349106
2016-06-06,14.18887228946133
2016-06-07,14.24897853087176
2016-06-08,14.174155520968558
2016-06-09,13.741901738887151
2016-06-10,13.705037103514314
2016-06-13,12.919387208009205
2016-06-14,12.481563820218174
2016-06-15,12.017339197181304
2016-06-16,11.466693002955168
2016-06-17,10.222209572042722
2016-06-20,9.578813313790661
2016-06-21,8.077002258792373
2016-06-22,6.571775125643484
2016-06-23,4.556107752077612
2016-06-24,4.420839903899115
2016-06-27,3.034900138995628
2016-06-28,3.354296309150083
2016-06-29,3.520398649415231
2016-06-30,3.2965561025786805
2016-07-01,5.259518954337338
2016-07-05,6.688505035453019
2016-07-06,8.984030182348139
2016-07-07,9.722804694934986
2016-07-08,12.784542035510228
2016-07-11,14.632589290023187
2016-07-12,15.690373492602795
2016-07-13,16.388075580593128
2016-07-14,17.07658115594467
2016-07-15,17.81512935894354
2016-07-18,18.479353322682393
2016-07-19,19.230633611276836
2016-07-20,19.555287858971983
2016-07-21,19.803443984538028
2016-07-22,20.280828563648868
2016-07-25,20.104140474841536
2016-07-26,19.896010075359086
2016-07-27,19.322138808964844
2016-07-28,20.359141676104745
2016-07-29,21.260753038010357
2016-08-01,22.292918904781168
2016-08-02,23.52295948568409
2016-08-03,24.58056495177454
2016-08-04,25.09124923005781
2016-08-05,25.860209561413303
2016-08-08,26.615897131309254
2016-08-09,27.2640160015844
2016-08-10,27.83894985591379
2016-08-11,28.382699449021054
2016-08-12,29.038266982103394
2016-08-15,29.671336918608766
2016-08-16,29.89789476311663
2016-08-17,31.03793337641545
2016-08-18,32.0854519754726
2016-08-19,32.62844986937332
2016-08-22,33.28104511378987
2016-08-23,33.90607630575307
2016-08-24,34.36127392326347
2016-08-25,35.00331816780893
2016-08-26,35.368109363700846
2016-08-29,36.14481598533558
2016-08-30,36.238256765415734
2016-08-31,36.282438148315975
2016-09-01,36.17265781565181
2016-09-02,36.24909915107011
2016-09-06,35.98898057242487
2016-09-07,35.074304448439094
2016-09-08,34.57312474279548
2016-09-09,32.96332397543324
2016-09-12,31.261253635286057
2016-09-13,29.505748839130167
2016-09-14,27.449719091685726
2016-09-15,25.265702154996927
2016-09-16,22.95785406569497
2016-09-19,20.367121994757454
2016-09-20,17.983928116172493
2016-09-21,15.391620309095462
2016-09-22,12.829854292453447
2016-09-23,6.616974558704555
2016-09-26,-3.0358304645206395
2016-09-27,-7.901544274695603
2016-09-28,-14.33209903944946
2016-09-29,-19.20491418423974
2016-09-30,-26.231103965352695
2016-10-03,-23.5145837693181
2016-10-04,-20.578336179414848
2016-10-05,-19.232206555713848
2016-10-06,-19.356743555783204
2016-10-07,-18.0403322223244
2016-10-10,-16.916912679060214
2016-10-11,-15.310228169581116
2016-10-12,-14.172525295125723
2016-10-13,-12.054886019931697
2016-10-14,-11.003493723191632
2016-10-17,-9.462159576895942
2016-10-18,-5.578518858810945
2016-10-19,-1.8538161484072369
2016-10-20,-1.1479617146450707
2016-10-21,-1.6041088125917753
2016-10-24,-1.5631755385299186
2016-10-25,-1.2324662362445196
2016-10-26,-1.295043876008485
2016-10-27,-1.1811648106655142
2016-10-28,-1.090864243280393
2016-10-31,-0.583845615865755
2016-11-01,-0.2865346638367896
2016-11-02,-0.18715838862576106
2016-11-03,0.027437264952791196
2016-11-04,0.3109242796778915
2016-11-07,0.5783101494249117
2016-11-08,1.814226965079179
2016-11-09,4.703791697201506
2016-11-10,5.61880825569272
2016-11-11,5.239754175240268
2016-11-14,5.967398480350425
2016-11-15,8.780575530083759
2016-11-16,10.50646927590321
2016-11-17,11.432686401112004
2016-11-18,11.9881096401737
2016-11-21,12.320115654590492
2016-11-22,12.564228300119805
2016-11-23,12.942291315994964
2016-11-25,13.333532579624254
2016-11-28,13.990900160388321
2016-11-29,14.477750582018697
2016-11-30,14.821909204981557
2016-12-01,15.061163601704619
2016-12-02,15.01136308465695
2016-12-05,15.210655578378015
2016-12-06,14.839592208817173
2016-12-07,15.111255463913235
2016-12-08,14.95348053616744
2016-12-09,15.486096203357015
2016-12-12,15.402425798889489
2016-12-13,15.132890463806195
2016-12-14,14.905289478071676
2016-12-15,15.116049873511361
2016-12-16,15.342675036806192
2016-12-19,15.763142707301872
2016-12-20,16.10407185436257
2016-12-21,16.004846269049878
2016-12-22,16.09994258205858
2016-12-23,16.162279541453778
2016-12-27,15.982383032256854
2016-12-28,15.71605089029694
2016-12-29,15.496915167605334
2016-12-30,15.225896103234657
2017-01-03,15.435807196790421
2017-01-04,15.093772440044702
2017-01-05,15.089775854449897
2017-01-06,14.945674403159781
2017-01-09,14.693923352956034
2017-01-10,14.63916919816733
2017-01-11,14.634673416712943
2017-01-12,14.304023544007588
2017-01-13,13.913828817724792
2017-01-17,13.860919806574572
2017-01-18,13.866840394618755
2017-01-19,13.80942617288995
2017-01-20,13.86914562777768
2017-01-23,14.000134623745126
2017-01-24,14.425049383835837
2017-01-25,14.622670899627284
2017-01-26,14.211288185075308
2017-01-27,13.90017428961595
2017-01-30,13.857798511104583
2017-01-31,13.878904886727998
2017-02-01,13.566185968300893
2017-02-02,13.296368545319417
2017-02-03,12.98697687089804
2017-02-06,13.376940558200221
2017-02-07,13.79129455393069
2017-02-08,13.63574654836999
2017-02-09,12.99884253815042
2017-02-10,13.401520838414278
2017-02-13,14.822508712583215
2017-02-14,16.137313094377
2017-02-15,17.92935312292681
2017-02-16,20.142167059933705
2017-02-17,21.72022173348455
2017-02-21,22.725761835266145
2017-02-22,23.640200465922995
2017-02-23,24.294649354491174
2017-02-24,24.503308101019794
2017-02-27,24.341387600494045
2017-02-28,24.57832099809809
2017-03-01,25.284370507781386
2017-03-02,26.15733202399398
2017-03-03,26.06734887752171
2017-03-06,25.623990275495085
2017-03-07,25.68815284497408
2017-03-08,25.56754170574847
2017-03-09,25.698529191759405
2017-03-10,25.431892715819934
2017-03-13,25.089580329823512
2017-03-14,24.647506716804074
2017-03-15,24.39267643539747
2017-03-16,24.11192739420442
2017-03-17,23.48079288205085
2017-03-20,23.421588277124183
2017-03-21,23.29067981268804
2017-03-22,22.66340951505721
2017-03-23,22.20453429327112
2017-03-24,21.977369857743426
2017-03-27,22.070755509101673
2017-03-28,21.90656865983398
2017-03-29,21.64838161517534
2017-03-30,21.60940451174747
2017-03-31,21.124298015765618
2017-04-03,20.86075370885434
2017-04-04,20.79035461184884
2017-04-05,20.342421261763114
2017-04-06,20.216312427249083
2017-04-07,19.900008904404686
2017-04-10,19.647896245174124
2017-04-11,19.435745521132045
2017-04-12,19.227425253630297
2017-04-13,18.757551954496037
2017-04-17,18.482508957220364
2017-04-18,18.16581437519427
2017-04-19,17.321086971540478
2017-04-20,16.66703569829597
2017-04-21,16.005629792125823
2017-04-24,15.150777411360338
2017-04-25,14.154066660621982
2017-04-26,13.646894701295938
2017-04-27,12.747057133938313
2017-04-28,11.673086369796884
2017-05-01,10.643195580111687
2017-05-02,9.476311831239972
2017-05-03,8.316141874260712
2017-05-04,6.533369384349349
2017-05-05,4.369419302637905
2017-05-08,1.8445724868858235
2017-05-09,-0.09081797551983328
2017-05-10,-0.6581564688987882
2017-05-11,-1.0811374232637903
2017-05-12,-1.1278723528995727
2017-05-15,-1.1812878845200387
2017-05-16,-1.3142372892619179
2017-05-17,-1.7409486645786103
2017-05-18,-2.0741116434311593
2017-05-19,-1.9736615221851466
2017-05-22,-2.3499898328089017
2017-05-23,-2.6184139371691373
2017-05-24,-3.1617603221070567
2017-05-25,-4.405850867683128
2017-05-26,-5.259982500121787
2017-05-30,-5.500660154159348
2017-05-31,-5.344845717410628
2017-06-01,-5.722877661196847
2017-06-02,-6.50494384670786
2017-06-05,-6.971548772590097
2017-06-06,-7.595658147861613
2017-06-07,-8.399084707403432
2017-06-08,-8.950676321489922
2017-06-09,-9.753533828410305
2017-06-12,-10.04117454230984
2017-06-13,-10.168568857532335
2017-06-14,-10.254929572834932
2017-06-15,-10.03895092677881
2017-06-16,-9.738880963705405
2017-06-19,-9.81724683949966
2017-06-20,-9.61491544107475
2017-06-21,-9.226902156208475
2017-06-22,-8.45000344886278
2017-06-23,-8.476462155320569
2017-06-26,-8.11941898348379
2017-06-27,-7.929448547301327
2017-06-28,-7.816711767819179
2017-06-29,-7.706675466085279
2017-06-30,-7.7697728717625125
2017-07-03,-7.7131183765266655
2017-07-05,-7.707971977967119
2017-07-06,-7.995961400896206
2017-07-07,-7.963438480200018
2017-07-10,-7.376825136261061
2017-07-11,-6.746739369140968
2017-07-12,-6.365867876279864
2017-07-13,-5.794092359329468
2017-07-14,-5.549046007905304
2017-07-17,-5.174404346090732
2017-07-18,-4.785337238279304
2017-07-19,-4.271510087038102
2017-07-20,-3.9574352930619625
2017-07-21,-3.641401866519665
2017-07-24,-3.0791040598139787
2017-07-25,-2.2362844831484523
2017-07-26,-1.5101442709167898
2017-07-27,-1.2815750032498485
2017-07-28,-1.6941577555422
2017-07-31,-2.562861288777981
2017-08-01,-2.7980440017527144
2017-08-02,-2.7855841255875333
2017-08-03,-3.118733809730294
2017-08-04,-3.3165864557528693
2017-08-07,-3.3625217048157126
2017-08-08,-3.3277282420148637
2017-08-09,-3.197009023193388
2017-08-10,-2.159462872763193
2017-08-11,-1.7250122607672296
2017-08-14,-1.456814609175325
2017-08-15,0.09441368800965932
2017-08-16,1.3390134932665774
2017-08-17,2.6330964991242922
2017-08-18,3.91720813271969
2017-08-21,3.9143504151052326
2017-08-22,4.218737599276984
2017-08-23,4.251044620604592
2017-08-24,4.071085978681985
2017-08-25,4.239374436624917
2017-08-28,4.471288383743655
2017-08-29,4.64639411746932
2017-08-30,4.558595762223973
2017-08-31,4.492962734109515
2017-09-01,4.2926698357569215
2017-09-05,4.451791660965743
2017-09-06,4.262214444312406
2017-09-07,4.0354269937339176
2017-09-08,3.8560282752889137
2017-09-11,4.164672620368613
2017-09-12,3.9711385350070785
2017-09-13,5.117734914903668
2017-09-14,6.832891337547498
2017-09-15,8.317741190687787
2017-09-18,8.363699364956606
2017-09-19,9.045069330949833
2017-09-20,9.961201480662737
2017-09-21,11.874330530237849
2017-09-22,14.687482703085308
2017-09-25,18.3620190719879
2017-09-26,21.843093463693634
2017-09-27,23.705132868308212
2017-09-28,23.951705113451407
2017-09-29,24.55502789262706
2017-10-02,25.453578118296207
2017-10-03,26.42141254917741
2017-10-04,28.386358300968286
2017-10-05,30.344229930870732
2017-10-06,31.25353997296052
2017-10-09,32.21471231767144
2017-10-10,32.99781752273649
2017-10-11,33.921029758494775
2017-10-12,34.62828381229322
2017-10-13,35.05584292015927
2017-10-16,35.68825884148572
2017-10-17,35.574154326715366
2017-10-18,35.80389260836561
2017-10-19,36.2454443912222
2017-10-20,36.39057330615899
2017-10-23,36.961167736685745
2017-10-24,37.292902962650444
2017-10-25,37.550952713863964
2017-10-26,37.94872303848954
2017-10-27,38.11577818966454
2017-10-30,38.0582448166092
2017-10-31,38.04649410662794
2017-11-01,37.87947159915784
2017-11-02,37.76329887782347
2017-11-03,37.70257735727905
2017-11-06,37.29062672893391
2017-11-07,37.19556168877546
2017-11-08,37.32111031486102
2017-11-09,37.65141888243306
2017-11-10,38.33175636777202
2017-11-13,38.343725755525085
2017-11-14,38.1757970955201
2017-11-15,35.693918067843995
2017-11-16,33.98773759211195
2017-11-17,31.966579376770902
2017-11-20,31.12593000525773
2017-11-21,31.119177091752896
2017-11-22,30.902096774536922
2017-11-24,30.365145705198167
2017-11-27,29.837373563155378
2017-11-28,29.101404504172223
2017-11-29,28.63041294474665
2017-11-30,29.431089848950233
2017-12-01,29.117526913028243
2017-12-04,28.817329061496714
2017-12-05,28.417743587774982
2017-12-06,28.16982163951431
2017-12-07,27.514853449979505
2017-12-08,27.51176468783865
2017-12-11,28.074415750821316
2017-12-12,28.73888448189855
2017-12-13,29.829285866533887
2017-12-14,29.946070712189396
2017-12-15,29.929932478038953
2017-12-18,29.690063086176245
2017-12-19,29.954599150137234
2017-12-20,29.851712693524316
2017-12-21,29.57786370908017
2017-12-22,30.26303427085258
2017-12-26,31.002298649301743
2017-12-27,31.509686829767652
2017-12-28,32.0482333454053
2017-12-29,32.789690916102
2018-01-02,32.91497351143008
2018-01-03,33.262660059034644
2018-01-04,34.230423348646205
2018-01-05,34.50730716737834
2018-01-08,34.480727840926065
2018-01-09,34.60975227831074
2018-01-10,34.35371147501145
2018-01-11,34.25875073373995
2018-01-12,34.17511754184715
2018-01-16,34.20566389295162
2018-01-17,34.03640369988221
2018-01-18,33.45476686620596
2018-01-19,33.03221931310273
2018-01-22,32.33571507659704
2018-01-23,31.35202007879346
2018-01-24,30.66711973652138
2018-01-25,29.39427190464633
2018-01-26,28.72163298673231
2018-01-29,26.548372495348758
2018-01-30,25.331837139088375
2018-01-31,24.664896297375066
2018-02-01,23.434404898853913
2018-02-02,21.772545445421862
2018-02-05,20.17558931211361
2018-02-06,18.31903206209313
2018-02-07,16.18205060246301
2018-02-08,12.664692847273166
2018-02-09,8.18832900631958
2018-02-12,5.447796527474598
2018-02-13,4.232536615234494
2018-02-14,4.02048009361085
2018-02-15,5.039806004079999
2018-02-16,5.9808182159146845
2018-02-20,6.668210530273026
2018-02-21,7.150567350460005
2018-02-22,7.208071310268927
2018-02-23,7.548667458407785
2018-02-26,7.571692102924288
2018-02-27,7.302624050631682
2018-02-28,7.088865334226359
2018-03-01,7.201166997281039
2018-03-02,7.288916370032236
2018-03-05,7.414424994701886
2018-03-06,7.515772413460052
2018-03-07,7.4355026614763915
2018-03-08,7.355910617763609
2018-03-09,7.477981177561862
2018-03-12,7.131820884264712
2018-03-13,6.8059616088989685
2018-03-14,6.642935479755721
2018-03-15,6.572405189965028
2018-03-16,6.266545774409142
2018-03-19,6.231156434234027
2018-03-20,6.080799832952792
2018-03-21,6.007359413818762
2018-03-22,5.818992698520706
2018-03-23,5.6890456052270615
2018-03-26,5.6461739495940755
2018-03-27,5.44903350244023
2018-03-28,5.082488118292929
2018-03-29,4.738530948777498
2018-04-02,4.520180516723791
2018-04-03,4.5996510170101175
2018-04-04,4.743292053631432
2018-04-05,4.654447548541352
2018-04-06,4.566341355525076
2018-04-09,4.513697155233341
2018-04-10,4.659016200165546
2018-04-11,4.965571145247857
2018-04-12,5.268586601919143
2018-04-13,5.693313037936559
2018-04-16,5.828115410020146
2018-04-17,6.420522992500043
2018-04-18,6.919204429297771
2018-04-19,7.55416173532873
2018-04-20,8.78367083858543
2018-04-23,11.106979391751697
2018-04-24,13.02486271063879
2018-04-25,15.354003400481933
2018-04-26,17.028145850256802
2018-04-27,19.216483349815945
2018-04-30,21.989163839417106
2018-05-01,24.75642509736688
2018-05-02,26.38792336617983
2018-05-03,25.88971819450367
2018-05-04,25.656518535130644
2018-05-07,25.443090456579775
2018-05-08,24.912288116003303
2018-05-09,24.36404251948923
2018-05-10,24.234559632441076
2018-05-11,24.11956028108633
2018-05-14,24.018726331646
2018-05-15,23.82909818800251
2018-05-16,23.605392179184648
2018-05-17,23.859599254199836
2018-05-18,23.807065512867098
2018-05-21,23.74005256368671
2018-05-22,23.57090453774603
2018-05-23,23.553654344850457
2018-05-24,23.373555721320137
2018-05-25,23.249454303474803
2018-05-29,23.29561874991554
2018-05-30,23.522497080969313
2018-05-31,23.493944914377664
2018-06-01,23.594864986883444
2018-06-04,23.880679636686214
2018-06-05,23.67806180426475
2018-06-06,24.054533403855377
2018-06-07,24.05731179424072
2018-06-08,24.310737728151942
2018-06-11,24.16743512088543
2018-06-12,23.950032695190306
2018-06-13,23.143193407649825
2018-06-14,22.457106514685925
2018-06-15,22.06031696184126
2018-06-18,21.282022724170336
2018-06-19,20.79044883583051
2018-06-20,20.20395772121538
2018-06-21,19.622111375623433
2018-06-22,19.463280921293606
2018-06-25,19.52570030030474
2018-06-26,19.317792996111486
2018-06-27,18.968968836288024
2018-06-28,19.336678345612803
2018-06-29,19.747510272300723
2018-07-02,19.57355418926089
2018-07-03,19.899595738721366
2018-07-05,20.123005638262974
2018-07-06,19.695268635987993
2018-07-09,19.45442293958021
2018-07-10,18.89203492653951
2018-07-11,18.785537105345913
2018-07-12,18.92519850837796
2018-07-13,18.962219120472746
2018-07-16,19.066447827340397
2018-07-17,19.32374105646522
2018-07-18,19.12746341437538
2018-07-19,18.936106198255583
2018-07-20,19.131667748370546
2018-07-23,19.20213706599589
2018-07-24,19.471452086741845
2018-07-25,19.95822322171905
2018-07-26,19.692737551437546
2018-07-27,19.373054425060445
2018-07-30,19.059486771318433
2018-07-31,18.992699474053406
2018-08-01,18.6285274356335
2018-08-02,17.98277220738285
2018-08-03,17.886364348406506
2018-08-06,17.44391330888347
2018-08-07,17.578188069871338
2018-08-08,17.10516585850481
2018-08-09,16.99521011634445
2018-08-10,16.759331222721805
2018-08-13,16.544838654305742
2018-08-14,16.37465683109389
2018-08-15,16.2446135386578
2018-08-16,16.07222552910643
2018-08-17,16.225195071050067
2018-08-20,16.243093985196964
2018-08-21,15.92889217383486
2018-08-22,15.961449772437327
2018-08-23,15.829954567353038
2018-08-24,15.605500878925401
2018-08-27,15.453613978674184
2018-08-28,15.163609084619669
2018-08-29,14.332838146826763
2018-08-30,13.64822352983634
2018-08-31,12.673451798945674
2018-09-04,12.337076262981146
2018-09-05,11.328597329751737
2018-09-06,10.14083186294813
2018-09-07,9.118545579257649
2018-09-10,8.388767236529311
2018-09-11,7.597919728657846
2018-09-12,7.216564163617235
2018-09-13,5.923964318816708
2018-09-14,5.5397617848846
2018-09-17,5.012826125146276
2018-09-18,5.51245131710537
2018-09-19,6.274246469996509
2018-09-20,6.936677794128681
2018-09-21,7.331551177677198
2018-09-24,8.652496955757613
2018-09-25,9.69435069826136
2018-09-26,10.909134861977755
2018-09-27,12.943959269419246
2018-09-28,14.86884638379663
2018-10-01,15.894829764913187
2018-10-02,18.41699836558617
2018-10-03,23.50747769517856
2018-10-04,27.010045974700894
2018-10-05,30.036155465192987
2018-10-08,33.00258257374209
2018-10-09,34.86796094660148
2018-10-10,35.687101363881176
2018-10-11,34.61493021847483
2018-10-12,32.64465820983495
2018-10-15,31.106899986450706
2018-10-16,30.365649132910892
2018-10-17,30.32848437559844
2018-10-18,30.039563454310233
2018-10-19,30.497693409045016
2018-10-22,30.414177796830895
2018-10-23,30.838418865327817
2018-10-24,31.157676139041705
2018-10-25,30.877278427742247
2018-10-26,30.393918962422394
2018-10-29,30.663252121611137
2018-10-30,31.50695493324711
2018-10-31,30.9916047907534
2018-11-01,30.511362301476552
2018-11-02,30.585186429192074
2018-11-05,30.923915305623495
2018-11-06,29.372508583446958
2018-11-07,27.097528793350115
2018-11-08,24.405653145247534
2018-11-09,22.00078143142888
2018-11-12,19.263373993292202
2018-11-13,16.543071874902495
2018-11-14,14.242992073955271
2018-11-15,12.334211013818141
2018-11-16,10.85375753033717
2018-11-19,9.426700672282148
2018-11-20,7.823590959817356
2018-11-21,6.85238885827907
2018-11-23,6.924100164771737
2018-11-26,6.404517610179262
2018-11-27,6.5775800147952665
2018-11-28,6.103740983267464
2018-11-29,5.9924865718706
2018-11-30,6.003128916744444
2018-12-03,5.745973447296635
2018-12-04,5.630361685949978
2018-12-06,4.933243877118919
2018-12-07,4.663787520066471
2018-12-10,4.303334481895874
2018-12-11,3.550204465298286
2018-12-12,2.9130260246414537
2018-12-13,2.1928068258152464
2018-12-14,3.488844442719113
2018-12-17,2.7632458265052406
2018-12-18,2.750256517830593
2018-12-19,2.7867784361864096
2018-12-20,2.8161781271695006
2018-12-21,3.429900291451723
2018-12-24,3.6753052074604966
2018-12-26,4.330578583107112
2018-12-27,4.85865467201004
2018-12-28,4.678005338322507
2018-12-31,4.756898401596544
2019-01-02,4.8655658837628195
2019-01-03,4.9028087082557334
2019-01-04,4.961910183917524
2019-01-07,4.719907100643773
2019-01-08,4.807249090814558
2019-01-09,5.204676003782282
2019-01-10,6.078410029462297
2019-01-11,7.1512291513659925
2019-01-14,8.218804685255932
2019-01-15,9.204414102596889
2019-01-16,9.639698113670889
2019-01-17,10.302230974591254
2019-01-18,10.986426153031829
2019-01-22,11.812007873017404
2019-01-23,12.666569926556846
2019-01-24,12.808397850723928
2019-01-25,12.93463299225628
2019-01-28,13.583372274143642
2019-01-29,13.907058697572914
2019-01-30,13.925220134221167
2019-01-31,13.80875058192336
2019-02-01,14.454053897791415
2019-02-04,14.726956636834675
2019-02-05,14.721176986806437
2019-02-06,14.66213154569921
2019-02-07,14.772725696587855
2019-02-08,14.782576008744087
2019-02-11,14.769168779526844
2019-02-12,14.640593992547174
2019-02-13,14.564136399334046
2019-02-14,11.345087546098306
2019-02-15,10.406961812805367
2019-02-19,12.037892404001017
2019-02-20,14.746486808912358
2019-02-21,17.225663302352046
2019-02-22,18.11103226279558
2019-02-25,20.061040277582297
2019-02-26,21.629764616083293
2019-02-27,23.867932981930124
2019-02-28,25.929175626412828
2019-03-01,28.00465003754922
2019-03-04,32.59381023870246
2019-03-05,35.66793020914602
2019-03-06,38.28204134906124
2019-03-07,40.95571381285381
2019-03-08,42.77745978379599
2019-03-11,46.39621425988413
2019-03-12,48.69816926938782
2019-03-13,50.95171694910527
2019-03-14,53.62391760164087
2019-03-15,54.04772879836216
2019-03-18,54.79739805543973
2019-03-19,55.02326479641326
2019-03-20,54.70208492278753
2019-03-21,54.637284533010764
2019-03-22,54.82037675468564
2019-03-25,55.742237700959286
2019-03-26,55.85984227463909
2019-03-27,54.06561729472739
2019-03-28,52.71488081744067
2019-03-29,51.90291031624887
2019-04-01,50.651824435954715
2019-04-02,50.0752741325188
2019-04-03,48.99266012333841
2019-04-04,49.09034706502092
2019-04-05,48.57005613090017
2019-04-08,48.88475507826688
2019-04-09,48.80714464710664
2019-04-10,48.38162497089809
2019-04-11,48.30689315591413
2019-04-12,47.90906491751038
2019-04-15,48.186424885485195
2019-04-16,47.51047312718558
2019-04-17,47.438599008074135
2019-04-18,45.9054383537045
2019-04-22,43.833203102846376
2019-04-23,43.159151674264805
2019-04-24,41.209331302792314
2019-04-25,39.760219834108156
2019-04-26,38.82111100135858
2019-04-29,37.15899911055399
2019-04-30,35.804835568307865
2019-05-01,32.71466236453274
2019-05-02,30.207416544449337
2019-05-03,28.0931773528948
2019-05-06,25.396582632978614
2019-05-07,22.650334534380235
2019-05-08,19.974253497720856
2019-05-09,16.783252975367343
2019-05-10,14.507478377686343
2019-05-13,11.709252986801928
2019-05-14,11.243297684368937
2019-05-15,10.906264357443703
2019-05-16,10.917225986585361
2019-05-17,10.184036613287109
2019-05-20,9.609702831962895
2019-05-21,9.749640732183572
2019-05-22,10.56009755960574
2019-05-23,10.648269163039288
2019-05-24,10.12020582252887
2019-05-28,9.777551172519694
2019-05-29,9.050494906395723
2019-05-30,9.332206633214469
2019-05-31,9.022668303115282
2019-06-03,9.349163928452
2019-06-04,8.939568272023827
2019-06-05,8.768836598808697
2019-06-06,7.59175884035794
2019-06-07,5.788433232987003
2019-06-10,4.284369077682001
2019-06-11,2.701637305480304
2019-06-12,1.6277103941619018
2019-06-13,0.5202204472504732
2019-06-14,-0.12715624804756942
2019-06-17,-1.3877478220908728
2019-06-18,-1.6709625175350524
2019-06-19,-1.6539679890526742
2019-06-20,-1.9275363827150613
2019-06-21,-2.354156007273417
2019-06-24,-2.4772704054292163
2019-06-25,-3.081505080512912
2019-06-26,-3.588095205529598
2019-06-27,-3.8818237259327546
2019-06-28,-4.3912949056983805
2019-07-01,-4.418621417252709
2019-07-02,-5.169679993100971
2019-07-03,-6.62477791025038
2019-07-05,-6.962284091365973
2019-07-08,-7.866403789964195
2019-07-09,-8.989194694368244
2019-07-10,-11.330823205659165
2019-07-11,-11.88347941730985
2019-07-12,-11.784957671856652
2019-07-15,-13.949051960711714
2019-07-16,-13.271469661564225
2019-07-17,-12.490336531595005
2019-07-18,-12.605269586631373
2019-07-19,-12.18229041298163
2019-07-22,-12.145737974492278
2019-07-23,-9.696797084575323
2019-07-24,-9.991777435455404
2019-07-25,-9.589736070581026
2019-07-26,-8.517238939844859
2019-07-29,-9.164555092206612
2019-07-30,-9.3688446356553
2019-07-31,-8.712957057986195
2019-08-01,-6.123646082771465
2019-08-02,-2.7928517739192245
2019-08-05,1.28536984709163
2019-08-06,8.924246638252072
2019-08-07,14.197291789566972
2019-08-08,19.226089743885723
2019-08-09,22.507919965683236
2019-08-12,25.357462691255826
2019-08-13,27.774441341370057
2019-08-14,28.877158119344735
2019-08-15,31.672944813140983
2019-08-16,34.55197028529443
2019-08-19,35.24029200627911
2019-08-20,34.513178130588095
2019-08-21,35.84233601205991
2019-08-22,39.298966637956774
2019-08-23,42.22588770541774
2019-08-26,47.284793388489675
2019-08-27,50.837599413934555
2019-08-28,51.63570345889608
2019-08-29,51.484027504884224
2019-08-30,48.22744268644621
2019-09-03,44.171939926333074
2019-09-04,39.36615128997397
2019-09-05,33.11205403154432
2019-09-06,30.234281889757494
2019-09-09,27.09433929041473
2019-09-10,25.834807910260338
2019-09-11,25.23643913184499
2019-09-12,24.393507029703578
2019-09-13,23.247755182490586
2019-09-16,22.609448216801624
2019-09-17,21.86447678569157
2019-09-18,21.014247063364483
2019-09-19,20.47433887193244
2019-09-20,19.282009359413262
2019-09-23,19.35433348329504
2019-09-24,19.72087569483793
2019-09-25,20.045186775556804
2019-09-26,20.250557279854824
2019-09-27,20.134573453450745
2019-09-30,19.55938412390779
2019-10-01,19.694741556238306
2019-10-02,19.07977866118877
2019-10-03,19.54178601522414
2019-10-04,20.00033998739987
2019-10-07,20.206833099232224
2019-10-08,20.861487864684594
2019-10-09,21.362536086461606
2019-10-10,21.685565875367793
2019-10-11,22.199633984035838
2019-10-14,23.122039895057956
2019-10-15,24.936246550524487
2019-10-16,26.155219467269173
2019-10-17,26.30931346206503
2019-10-18,27.1695137229426
2019-10-21,26.677261953574742
2019-10-22,26.0604549361116
2019-10-23,26.633548014667063
2019-10-24,26.321525228150257
2019-10-25,26.083995904819567
2019-10-28,27.10369123326086
2019-10-29,28.113230776008425
2019-10-30,30.654025765770605
2019-10-31,32.81720580873605
2019-11-01,32.888811291619476
2019-11-04,32.60212465528237
2019-11-05,32.51032449055987
2019-11-06,33.205764610339045
2019-11-07,33.11851355980817
2019-11-08,33.81438921141469
2019-11-11,31.944073174732054
2019-11-12,28.117993181460182
2019-11-13,24.01362406951825
2019-11-14,22.09655159160277
2019-11-15,19.620821063757003
2019-11-18,16.640183224256084
2019-11-19,11.399764886200387
2019-11-20,8.801002582213357
2019-11-21,6.997301526786714
2019-11-22,5.115511001472591
2019-11-25,4.581332837154513
2019-11-26,4.820078273292346
2019-11-27,5.251232475415165
2019-11-29,6.511923193219026
2019-12-02,6.91996735426104
2019-12-03,7.7469130240600705
2019-12-04,7.896191452417646
2019-12-05,7.272547891902327
2019-12-06,6.948992485463791
2019-12-09,6.742775162670377
2019-12-10,6.874664964115048
2019-12-11,6.393075448676221
2019-12-12,6.562656628472254
2019-12-13,6.257881177456433
2019-12-16,5.986835532280907
2019-12-17,5.225149628619143
2019-12-18,4.166299120908789
2019-12-19,3.852312611658668
2019-12-20,3.0466542133437216
2019-12-23,2.091353298014397
2019-12-24,0.8198779484490046
2019-12-26,0.6667857711624023
2019-12-27,0.07676925640870991
2019-12-30,-1.3182852657969875
2019-12-31,-2.7885821465798486
2020-01-02,-6.28811090997597
2020-01-03,-8.07692201377968
2020-01-06,-8.986310642589203
2020-01-07,-9.718914549351176
2020-01-08,-10.063051765576674
2020-01-09,-10.21617257597756
2020-01-10,-10.57087228881889
2020-01-13,-10.081387650529834
2020-01-14,-11.96897454826619
2020-01-15,-14.28105507342741
2020-01-16,-16.223178046964577
2020-01-17,-18.360898499387503
2020-01-21,-17.88256859511445
2020-01-22,-17.504458292092266
2020-01-23,-15.898399015943838
2020-01-24,-14.554656303529889
2020-01-27,-13.981892500290286
2020-01-28,-14.393313491927401
2020-01-29,-13.222790462291684
2020-01-30,-12.353691272565968
2020-01-31,-12.75102472180393
2020-02-03,-13.571550557814675
2020-02-04,-14.09444658313057
2020-02-05,-14.988282488934672
2020-02-06,-14.594033597396724
2020-02-07,-14.718343556812897
2020-02-10,-13.741072050072205
2020-02-11,-13.955867456403126
2020-02-12,-13.642190676246727
2020-02-13,-13.149124324764166
2020-02-14,-12.485718554138465
2020-02-18,-11.915790512220298
2020-02-19,-11.503514047473423
2020-02-20,-11.739480747379176
2020-02-21,-11.83800303842068
2020-02-24,-11.895911395956553
2020-02-25,-12.141824368963327
2020-02-26,-12.604911301692269
2020-02-27,-12.181216920827715
2020-02-28,-11.120095752432412
2020-03-02,-10.424759109285773
2020-03-03,-9.283467472899247
2020-03-04,-8.63044833166888
2020-03-05,-9.126958536832014
2020-03-06,-9.655543674486744
2020-03-09,-9.315196841767616
2020-03-10,-9.502372684108408
2020-03-11,-8.881809122186745
2020-03-12,-7.00811145035928
2020-03-13,-7.550094954104452
2020-03-16,-6.22702455714073
2020-03-17,-9.084960003418942
2020-03-18,-10.0005515581839
2020-03-19,-12.844989332119397
2020-03-20,-12.481760485121939
2020-03-23,-13.655592960900702
2020-03-24,-16.598083626574848
2020-03-25,-15.555980786717186
2020-03-26,-16.969922571892262
2020-03-27,-18.756085458649054
2020-03-30,-19.96874595182522
2020-03-31,-18.640404027557153
2020-04-01,-19.811987620183352
2020-04-02,-21.514053473755745
2020-04-03,-22.50974145702441
2020-04-06,-23.815577833942655
2020-04-07,-23.814411278673198
2020-04-08,-23.96744443069528
2020-04-09,-23.487114909873767
2020-04-13,-23.855962529432013
2020-04-14,-25.911125725527526
2020-04-15,-24.835806596190338
2020-04-16,-25.392446226503424
2020-04-17,-25.236027775944585
2020-04-20,-24.670672443592807
2020-04-21,-23.762498365348222
2020-04-22,-24.38004053267091
2020-04-23,-23.67088542441337
2020-04-24,-25.434322216679256
2020-04-27,-24.022237812529937
2020-04-28,-24.4506069177065
2020-04-29,-21.977941842674795
2020-04-30,-22.045149956530047
2020-05-01,-20.842338103362707
2020-05-04,-21.260771703698502
2020-05-05,-20.93350779517116
2020-05-06,-20.542088206330597
2020-05-07,-20.338955941636286
2020-05-08,-19.456450913446275
2020-05-11,-18.899791746062107
2020-05-12,-17.572918688439366
2020-05-13,-16.90685957311173
2020-05-14,-15.506828191803969
2020-05-15,-14.958793938632624
2020-05-18,-10.390885013912886
2020-05-19,-6.403206875808316
2020-05-20,-2.913394116864694
2020-05-21,-1.2585977038568004
2020-05-22,0.6210474240242263
2020-05-26,2.8249452847847394
2020-05-27,3.4280607782057615
2020-05-28,4.813346765302768
2020-05-29,5.946055699344363
2020-06-01,9.188759537008718
2020-06-02,11.503136534265096
2020-06-03,14.1824882163736
2020-06-04,14.529850610647927
2020-06-05,16.113253830843895
2020-06-08,16.618923123015943
2020-06-09,13.277132781239843
2020-06-10,12.147324781268022
2020-06-11,8.433712086430745
2020-06-12,8.437009402298006
2020-06-15,8.143397217525383
2020-06-16,8.323733381465296
2020-06-17,8.052239222538248
2020-06-18,10.011136679228752
2020-06-19,12.160309592800903
2020-06-22,11.779966446596749
2020-06-23,10.311520048869273
2020-06-24,10.69118529271346
2020-06-25,9.968865824296802
2020-06-26,6.934035541222801
2020-06-29,6.949212994626702
2020-06-30,6.59752917869039
2020-07-01,8.066351866045796
2020-07-02,7.888534976915906
2020-07-06,7.913719542950307
2020-07-07,8.555406825652266
2020-07-08,10.38767055111876
2020-07-09,10.062672861706265
2020-07-10,16.52938280621326
2020-07-13,19.545725492751778
2020-07-14,22.54620549976092
2020-07-15,27.596972777786704
2020-07-16,27.01842202804088
2020-07-17,27.497742982948722
2020-07-20,25.61951812802328
2020-07-21,27.103234930766007
2020-07-22,25.59567764652151
2020-07-23,20.77074598218208
2020-07-24,16.892509520978397
2020-07-27,13.11110454789825
2020-07-28,9.771688420689667
2020-07-29,7.2860111543060455
2020-07-30,6.353764962977223
2020-07-31,5.807555363540935
2020-08-03,6.336650368493636
2020-08-04,8.373645939016452
2020-08-05,9.882442368201023
2020-08-06,9.795737925086385
2020-08-07,9.800070330763162
2020-08-10,9.956047546872679
2020-08-11,10.528231371489397
2020-08-12,7.877167112213719
2020-08-13,6.148206978615249
2020-08-14,6.783932916172752
2020-08-17,5.885496220914099
2020-08-18,6.253465819359718
2020-08-19,6.083679201758379
2020-08-20,5.475751958077261
2020-08-21,4.762760735389733
2020-08-24,4.6184814302510375
2020-08-25,3.9641799938996414
2020-08-26,3.4383240528397394
2020-08-27,3.1045473029737565
2020-08-28,2.9228412898987273
2020-08-31,-0.875006218178136
2020-09-01,-3.2218551055603015
2020-09-02,-5.529216712561535
2020-09-03,-7.7352696639181175
2020-09-04,-8.684714889925004
2020-09-08,-12.432221960111214
2020-09-09,-15.420757026843319
2020-09-10,-17.440865993660594
2020-09-11,-18.54050823448727
2020-09-14,-21.032387578573136
2020-09-15,-22.408156185559733
2020-09-16,-24.350324783595738
2020-09-17,-25.051235492509477
2020-09-18,-23.036188948921435
2020-09-21,-19.962113707623374
2020-09-22,-15.072789574357003
2020-09-23,-10.566057570395792
2020-09-24,-4.504372458503433
2020-09-25,0.42850067280377147
2020-09-28,3.2747893141919704
2020-09-29,5.399903816476375
2020-09-30,7.5365179586614275
2020-10-01,8.781002587247173
2020-10-02,12.401469847681895
2020-10-05,17.14213584405512
2020-10-06,19.104579547884683
2020-10-07,21.637919178502003
2020-10-08,23.19157754357743
2020-10-09,24.456539604231708
2020-10-12,25.125827166826884
2020-10-13,22.259259582561885
2020-10-14,24.55401765682903
2020-10-15,25.014485634414083
2020-10-16,24.47583072377268
2020-10-19,23.877583068672482
2020-10-20,24.35672781639059
2020-10-21,23.470385803147334
2020-10-22,23.739316482242362
2020-10-23,22.73335994909819
2020-10-26,21.770911795290885
2020-10-27,21.757294074039496
2020-10-28,21.607558290499757
2020-10-29,21.614899915895577
2020-10-30,22.160300980201168
2020-11-02,22.81403746955353
2020-11-03,23.530929450799075
2020-11-04,24.029599018837096
2020-11-05,25.179337869899044
2020-11-06,25.237238047864246
2020-11-09,27.937359578006927
2020-11-10,27.980134423120802
2020-11-11,23.291773850831657
2020-11-12,18.738615880685966
2020-11-13,17.217827626006653
2020-11-16,15.329893012438415
2020-11-17,13.379580825350267
2020-11-18,11.14284825462451
2020-11-19,11.257070166255147
2020-11-20,9.839776486100433
2020-11-23,9.483774903502315
2020-11-24,8.906221290744298
2020-11-25,7.551300369331756
2020-11-27,6.710308229359121
2020-11-30,5.514572362250092
2020-12-01,5.530280927391573
2020-12-02,6.342126276669781
2020-12-03,6.643987917163464
2020-12-04,6.838224333231359
2020-12-07,5.082739645519936
2020-12-08,4.515492645758556
2020-12-09,3.9832661265010287
2020-12-10,2.9821030183811885
2020-12-11,2.017343641125805
2020-12-14,0.2867891996821541
2020-12-15,-2.430485689318864
2020-12-16,-5.589486519001852
2020-12-17,-7.9740319628608844
2020-12-18,-9.709057247353144
2020-12-21,-12.049434609021752
2020-12-22,-12.375652511470129
2020-12-23,-12.095679483530382
2020-12-24,-11.897887363215752
2020-12-28,-11.885598530885865
2020-12-29,-11.913033066603184
2020-12-30,-11.236706507734098
2020-12-31,-11.236012200363064
2021-01-04,-11.754745321093822
2021-01-05,-12.553415256651306
2021-01-06,-13.471689237437474
2021-01-07,-14.10229669206889
2021-01-08,-13.641868516208326
2021-01-11,-13.222325271714759
2021-01-12,-12.896923728929863
2021-01-13,-13.120366438523568
2021-01-14,-13.200061327719055
2021-01-15,-13.208595133619575
2021-01-19,-13.833116216413693
2021-01-20,-13.281825843968385
2021-01-21,-12.924183693470546
2021-01-22,-13.63143939866007
2021-01-25,-15.015269726048764
2021-01-26,-15.80822701938289
2021-01-27,-15.765200524083049
2021-01-28,-17.657714918687034
2021-01-29,-20.74151376243028
2021-02-01,-23.27159694798094
2021-02-02,-25.176145589627055
2021-02-03,-26.109413880361046
2021-02-04,-27.955107164960978
2021-02-05,-29.66026513110033
2021-02-08,-35.711335253963014
2021-02-09,-37.74094494493215
2021-02-10,-36.406544555944635
2021-02-11,-32.173946584206135
2021-02-12,-24.148434592195812
2021-02-16,-16.793074320184452
2021-02-17,-12.176493070128252
2021-02-18,-8.69581864053125
2021-02-19,-5.513449389919323
2021-02-22,-1.090657593984524
2021-02-23,2.5272700920635174
2021-02-24,5.5917094944395345
2021-02-25,8.455420436048726
2021-02-26,10.372256460591345
2021-03-01,12.073968748953718
2021-03-02,13.414203746243093
2021-03-03,14.933647639324263
2021-03-04,16.37815080865734
2021-03-05,17.858639588930522
2021-03-08,19.5725767504634
2021-03-09,20.252170101089888
2021-03-10,21.586367050764
2021-03-11,22.100610302257476
2021-03-12,22.983323526431963
2021-03-15,24.462438533938776
2021-03-16,25.880556829835864
2021-03-17,26.96554986168306
2021-03-18,27.76077299680814
2021-03-19,29.34892980063992
2021-03-22,30.113376807909457
2021-03-23,30.967913643310418
2021-03-24,31.914955327561163
2021-03-25,33.41283321450769
2021-03-26,35.957146674994036
2021-03-29,37.743985369895746
2021-03-30,37.75251034151281
2021-03-31,39.804663498851426
2021-04-01,39.74416311781871
2021-04-05,39.802006839043926
2021-04-06,38.1547692193076
2021-04-07,35.72540832828342
2021-04-08,33.72127132976858
2021-04-09,31.871559385133082
2021-04-12,30.167502977198275
2021-04-13,27.86354669347134
2021-04-14,25.956142366627102
2021-04-15,24.201119026236245
2021-04-16,21.84899684913176
2021-04-19,19.852125415444704
2021-04-20,18.24141796368442
2021-04-21,17.151023519118514
2021-04-22,15.57751908200121
2021-04-23,13.966740811068526
2021-04-26,13.177438124081085
2021-04-27,12.699520616509325
2021-04-28,13.049967055749462
2021-04-29,13.137824895447096
2021-04-30,12.434060910350574
2021-05-03,12.352455846329342
2021-05-04,12.015269343872795
2021-05-05,11.266630852298647
2021-05-06,10.91565379978121
2021-05-07,10.59673785339374
2021-05-10,10.703676498170935
2021-05-11,10.477104787432808
2021-05-12,10.591522769215231
2021-05-13,10.618129516827636
2021-05-14,11.017888922396843
2021-05-17,11.100509367983015
2021-05-18,11.098345732985635
2021-05-19,10.800295975967991
2021-05-20,10.807531922126643
2021-05-21,10.665591042402113
2021-05-24,10.374540022702554
2021-05-25,10.775509879701737
2021-05-26,11.17961704748754
2021-05-27,12.049205062359022
2021-05-28,10.709143966325314
2021-06-01,10.35331467422936
2021-06-02,10.328043653232264
2021-06-03,9.0292859672794
2021-06-04,8.973241230711373
2021-06-07,7.725267783373184
2021-06-08,7.2222155327224655
2021-06-09,6.6985053438306466
2021-06-10,5.061705588721566
2021-06-11,3.55604914740492
2021-06-14,0.324512918459817
2021-06-15,-2.8770208068139382
2021-06-16,-5.1218018770772815
2021-06-17,-4.620286522780717
2021-06-18,-2.731819855459321
2021-06-21,-1.9192287968247896
2021-06-22,-1.3906552981248979
2021-06-23,-0.6486909424782041
2021-06-24,-0.6051250736167262
2021-06-25,-0.8209715906344641
2021-06-28,-0.6484171525637592
2021-06-29,0.1912567626698376
2021-06-30,1.8354326113407282
2021-07-01,3.9091750880950755
2021-07-02,6.101963857968606
2021-07-06,8.26117722535566
2021-07-07,11.56176036646638
2021-07-08,14.06043111423962
2021-07-09,17.83893916833414
2021-07-12,20.207981149981464
2021-07-13,22.048200966713882
2021-07-14,25.563291385264385
2021-07-15,24.607233450346616
2021-07-16,23.553323185288544
2021-07-19,22.53702556099356
2021-07-20,23.71286928787867
2021-07-21,25.064160519499655
2021-07-22,24.591476906864894
2021-07-23,24.579318433467584
2021-07-26,23.96652868803265
2021-07-27,23.070771049854
2021-07-28,22.24883786775426
2021-07-29,22.192616757424215
2021-07-30,21.61938002139942
2021-08-02,21.27945298595957
2021-08-03,20.88177136722659
2021-08-04,20.3545643844271
2021-08-05,20.55309559440993
2021-08-06,20.556564513595468
2021-08-09,20.391097846731213
2021-08-10,20.31822038237628
2021-08-11,19.791228213531202
2021-08-12,19.627878514733943
2021-08-13,19.489078778146396
2021-08-16,19.223587749391317
2021-08-17,18.829213487601148
2021-08-18,18.408822598326562
2021-08-19,18.43232365579137
2021-08-20,18.89517235057978
2021-08-23,19.25023943694198
2021-08-24,19.079336001618078
2021-08-25,19.344198650300278
2021-08-26,18.86994928708598
2021-08-27,18.828467671943613
2021-08-30,19.003866933366012
2021-08-31,18.568371908003346
2021-09-01,18.15698203136474
2021-09-02,17.614893340015513
2021-09-03,16.910875406194762
2021-09-07,15.992462960948785
2021-09-08,15.463941147268763
2021-09-09,14.876479704048492
2021-09-10,14.511335659597052
2021-09-13,14.78069373391181
2021-09-14,14.857551077514422
2021-09-15,14.89380174063475
2021-09-16,14.263619307311231
2021-09-17,13.396333076720296
2021-09-20,12.187484959251123
2021-09-21,10.665007358055938
2021-09-22,9.206741170148085
2021-09-23,7.979662468266909
2021-09-24,7.201496594651694
2021-09-27,6.8285517152166335
2021-09-28,5.148398817800938
2021-09-29,1.6375811136242788
2021-09-30,-0.3633610504187246
2021-10-01,-4.806156826478201
2021-10-04,-8.209163851696204
2021-10-05,-14.553622261615907
2021-10-06,-23.86106446916567
2021-10-07,-24.93868966759139
2021-10-08,-22.128345304792006
2021-10-11,-20.423179721779974
2021-10-12,-18.50131415502203
2021-10-13,-15.405547919433431
2021-10-14,-9.78027164472909
2021-10-15,-3.016947411436419
2021-10-18,1.4282502621460367
2021-10-19,5.940920013926501
2021-10-20,13.635845499227244
2021-10-21,20.842971704716
2021-10-22,23.723704679007156
2021-10-25,26.841315580893134
2021-10-26,29.38174559642187
2021-10-27,33.13404236812759
2021-10-28,33.67339444617419
2021-10-29,32.439753702563024
2021-11-01,30.11237861305379
2021-11-02,28.01707547119179
2021-11-03,26.611099687071498
2021-11-04,25.644282545688093
2021-11-05,24.22075510023399
2021-11-08,23.128806399231287
2021-11-09,22.33191018813764
2021-11-10,22.25271916699408
2021-11-11,22.043547722787146
2021-11-12,20.919773512232776
2021-11-15,20.433778170710756
2021-11-16,19.90938834248891
2021-11-17,19.552355870452516
2021-11-18,18.954692049623993
2021-11-19,18.634747022025156
2021-11-22,19.250034984378242
2021-11-23,19.523666708990547
2021-11-24,19.378661185188097
2021-11-26,18.278995168614745
2021-11-29,18.805026368474298
2021-11-30,18.787213730818195
2021-12-01,18.614258331070275
2021-12-02,18.877479735097932
2021-12-03,18.89405911038845
2021-12-06,21.229087211154216
2021-12-07,22.111601062860053
2021-12-08,21.863612658996406
2021-12-09,21.746637342067608
2021-12-10,22.658346719308938
2021-12-13,23.192639463193874
2021-12-14,21.469473637563784
2021-12-15,19.71014162088605
2021-12-16,18.72190697263563
2021-12-17,16.806986249765792
2021-12-20,15.269533069783591
2021-12-21,14.828443178767841
2021-12-22,13.883577183622734
2021-12-23,13.102005622463587
2021-12-27,12.20767668199786
2021-12-28,11.130253888511248
2021-12-29,9.425891988017362
2021-12-30,7.37768878070122
2021-12-31,5.7110026826547085
2022-01-03,4.915741615895861
2022-01-04,4.728941173617997
2022-01-05,2.8518090715915747
2022-01-06,0.0729244075400004
2022-01-07,-1.9590260096214251
2022-01-10,-3.133204367118779
2022-01-11,-4.192829759259567
2022-01-12,-5.185675957686783
2022-01-13,-6.019045476256359
2022-01-14,-6.888724899407947
2022-01-18,-7.523653882734507
2022-01-19,-8.98976732882263
2022-01-20,-9.449963207823572
2022-01-21,-10.702117433059641
2022-01-24,-10.998073074805419
2022-01-25,-11.364688982513087
2022-01-26,-12.057078124192884
2022-01-27,-13.369955834652245
2022-01-28,-15.175628065942561
2022-01-31,-16.67433964632754
2022-02-01,-17.448467935930893
2022-02-02,-19.141060514643314
2022-02-03,-19.023016203284115
2022-02-04,-20.03447906102751
2022-02-07,-20.546206206058372
2022-02-08,-21.79137014853579
2022-02-09,-25.096681937003112
2022-02-10,-25.404482580131926
2022-02-11,-27.21972639057813
2022-02-14,-26.93990295193602
2022-02-15,-25.96156290356953
2022-02-16,-24.466970653542063
2022-02-17,-21.54731570169477
2022-02-18,-19.327240950711726
2022-02-22,-17.923815964534214
2022-02-23,-16.43337234084659
2022-02-24,-12.43942755297968
2022-02-25,-5.671952977878853
2022-02-28,1.5573800535054971
2022-03-01,15.951468974269652
2022-03-02,32.2910505597678
2022-03-03,43.70176655728574
2022-03-04,51.67116570985195
2022-03-07,56.67367883027398
2022-03-08,59.57640454314578
2022-03-09,59.47502086070955
2022-03-10,55.92686886171191
2022-03-11,51.1500296112941
2022-03-14,48.70712206451335
2022-03-15,48.02866356483638
2022-03-16,47.53083492476644
2022-03-17,48.15435721446462
2022-03-18,48.24072609595933
2022-03-21,48.803396494794576
2022-03-22,49.02507611695752
2022-03-23,48.7189214674166
2022-03-24,48.87058137462461
2022-03-25,48.962292706599044
2022-03-28,48.811870977087416
2022-03-29,48.35210821595815
2022-03-30,47.38383801985155
2022-03-31,46.33689531805008
2022-04-01,46.50488721786306
2022-04-04,45.39754198868522
2022-04-05,44.411346231714916
2022-04-06,43.66580451410336
2022-04-07,42.194361292476245
2022-04-08,40.52331526965786
2022-04-11,38.365797971584875
2022-04-12,37.00714293942168
2022-04-13,34.68553908664809
2022-04-14,32.57035849622288
2022-04-18,29.501157617485074
2022-04-19,27.501597764606547
2022-04-20,24.580835310440996
2022-04-21,20.962537166012382
2022-04-22,17.62693450835939
2022-04-25,16.309883664671588
2022-04-26,13.766069247094272
2022-04-27,11.872105981878214
2022-04-28,9.346704377024516
2022-04-29,7.611900523430798
2022-05-02,5.172193033170728
2022-05-03,2.702549886646146
2022-05-04,1.308040493701263
2022-05-05,1.0038336696156378
2022-05-06,0.20191988156760488
2022-05-09,-1.7285670770302843
2022-05-10,-2.4358175217805496
2022-05-11,-1.9456684029259108
2022-05-12,-1.6281196101388034
2022-05-13,-1.6978715459311857
2022-05-16,-2.239470888313562
2022-05-17,-2.162246224196764
2022-05-18,-2.685379291981725
2022-05-19,-2.8529073334994663
2022-05-20,-2.293542742937298
2022-05-23,-1.3782700311690874
2022-05-24,-0.9700176155620497
2022-05-25,-1.6978555807746574
2022-05-26,-2.60627075144302
2022-05-27,-3.262303119617684
2022-05-31,-3.4490780914934263
2022-06-01,-3.2812167795165124
2022-06-02,-3.0543209710627437
2022-06-03,-2.5059620634391067
2022-06-06,-2.4618290918869548
2022-06-07,-2.1358034839548665
2022-06-08,-2.3194103254181115
2022-06-09,-2.737559322656736
2022-06-10,-2.9827619879947562
2022-06-13,-1.609746670846441
2022-06-14,-0.28954328331058576
2022-06-15,1.516788665028912
2022-06-16,2.117777204891972
2022-06-17,2.9394835808340005
2022-06-21,3.8920154973501795
2022-06-22,4.448343701288714
2022-06-23,4.792637283777992
2022-06-24,5.409040092011722
2022-06-27,5.3864299568334815
2022-06-28,5.673342688459634
2022-06-29,5.57775171818588
2022-06-30,5.652466990752039
2022-07-01,6.079676910799854
2022-07-05,4.941432526921865
2022-07-06,3.880761941747693
2022-07-07,3.1890661191598966
2022-07-08,2.656123790200425
2022-07-11,3.1727640750611315
2022-07-12,3.3240239150135693
2022-07-13,2.9773414939654685
2022-07-14,3.1641993008810303
2022-07-15,4.332318428329565
2022-07-18,5.257682753642996
2022-07-19,5.9181658729048365
2022-07-20,6.551581198453057
2022-07-21,6.916642849868751
2022-07-22,7.8052508650646715
2022-07-25,9.104445531002625
2022-07-26,10.35235400816343
2022-07-27,11.246917048835797
2022-07-28,12.208339385674805
2022-07-29,13.036855288740568
2022-08-01,13.463200678362021
2022-08-02,14.276744219780625
2022-08-03,15.523131703735977
2022-08-04,16.936894450532144
2022-08-05,18.1254623651418
2022-08-08,18.63078089627257
2022-08-09,19.371396326371034
2022-08-10,20.479933371656735
2022-08-11,21.584489345949954
2022-08-12,23.10598582417036
2022-08-15,24.980697625691832
2022-08-16,25.81244470796387
2022-08-17,26.545591622051035
2022-08-18,27.195452999616926
2022-08-19,26.678719982637013
2022-08-22,25.604608124040993
2022-08-23,25.752967111781842
2022-08-24,25.7452250988103
2022-08-25,26.271972216201448
2022-08-26,25.407041634943734
2022-08-29,25.114513174980377
2022-08-30,24.812060475474645
2022-08-31,24.4148957307757
2022-09-01,24.29013383946675
2022-09-02,23.989337594113074
2022-09-06,24.101235143316003
2022-09-07,24.24702756695114
2022-09-08,24.444924535629646
2022-09-09,24.32414693653179
2022-09-12,25.134072911105335
2022-09-13,25.209963949066317
2022-09-14,26.003402663820392
2022-09-15,26.302316153337376
2022-09-16,24.796387696560927
2022-09-19,23.13141095801359
2022-09-20,21.212198336304958
2022-09-21,18.330554335528042
2022-09-22,15.299417540960988
2022-09-23,10.712909032223003
2022-09-26,6.4279448834662745
2022-09-27,1.080419348943309
2022-09-28,-5.242386556115179
2022-09-29,-8.849420548491082
2022-09-30,-11.864577092074278
2022-10-03,-15.771781243266886
2022-10-04,-18.7939951184934
2022-10-05,-21.404146599899548
2022-10-06,-24.317703154464724
2022-10-07,-27.24180607280688
2022-10-10,-29.713426951967442
2022-10-11,-32.09811769250936
2022-10-12,-37.8841781485299
2022-10-13,-41.60467762005983
2022-10-14,-38.543201596841214
2022-10-17,-41.071891864481074
2022-10-18,-41.431709309694085
2022-10-19,-39.152142508218944
2022-10-20,-38.00795898913704
2022-10-21,-38.45942443266968
2022-10-24,-37.80382155763023
2022-10-25,-31.74044769856478
2022-10-26,-27.119385895671115
2022-10-27,-22.6857263412205
2022-10-28,-19.157014305310085
2022-10-31,-14.929601061556667
2022-11-01,-10.617850487175645
2022-11-02,-7.468828728913508
2022-11-03,-5.336461113101912
2022-11-04,-3.1803732530766666
2022-11-07,-1.5842429721858267
2022-11-08,1.0124473037936284
2022-11-09,4.019882075986736
2022-11-10,8.2625088574883
2022-11-11,12.20583695267569
2022-11-14,13.835113549659674
2022-11-15,15.647874832703465
2022-11-16,16.581682033966125
2022-11-17,17.82675080988325
2022-11-18,19.68193136643277
2022-11-21,21.533320853872787
2022-11-22,21.39531685131451
2022-11-23,20.79623562499235
2022-11-25,19.723307175399043
2022-11-28,18.300838939077046
2022-11-29,17.303461597067965
2022-11-30,16.789004736173247
2022-12-01,14.200425117117916
2022-12-02,13.173190392274641
2022-12-05,11.067205772865378
2022-12-06,10.110994917955715
2022-12-07,8.891980073621973
2022-12-08,6.456444313000219
2022-12-09,3.9666394560474956
2022-12-12,2.1388074710748413
2022-12-13,-0.17363809863283564
2022-12-14,-2.0434596671829937
2022-12-15,-3.7726478325660793
2022-12-16,-5.8455598743648025
2022-12-19,-7.709196073849903
2022-12-20,-9.117315450724476
2022-12-21,-9.799977515047914
2022-12-22,-11.058688617743144
2022-12-23,-11.931346861914278
2022-12-27,-13.304208629981886
2022-12-28,-16.138594579670084
2022-12-29,-18.34595326862089
2022-12-30,-20.054191577900497
2023-01-03,-22.310469967555704
2023-01-04,-25.61009709251296
2023-01-05,-30.524951662146194
2023-01-06,-38.10777524339432
2023-01-09,-48.84745037546632
2023-01-10,-50.551353808132916
2023-01-11,-48.096685153814846
2023-01-12,-47.33531639617904
2023-01-13,-42.85650911981567
2023-01-17,-37.209992693538396
2023-01-18,-31.166742788534435
2023-01-19,-19.808277829834417
2023-01-20,-7.326751888456066
2023-01-23,0.612273117096322
2023-01-24,6.099464784472438
2023-01-25,9.308069517487844
2023-01-26,12.025513406397067
2023-01-27,13.568941556707998
2023-01-30,14.954501816757492
2023-01-31,16.61116053573437
2023-02-01,18.56392349754922
2023-02-02,19.699448167390706
2023-02-03,20.107186978020543
2023-02-06,19.668965684358376
2023-02-07,19.040998291338177
2023-02-08,18.839035939658466
2023-02-09,17.432955787796786
2023-02-10,16.191199784329086
2023-02-13,16.66034867372138
2023-02-14,16.388216174269033
2023-02-15,16.057856082514967
2023-02-16,15.287155143964057
2023-02-17,15.032645615867544
2023-02-21,13.530372054120008
2023-02-22,12.51777045950061
2023-02-23,11.451488405793619
2023-02-24,10.508726918483397
2023-02-27,9.672281457003507
2023-02-28,9.369651839842604
2023-03-01,8.76265040751354
2023-03-02,7.528834357359727
2023-03-03,7.149784761937347
2023-03-06,7.541958234974061
2023-03-07,7.6343019585714345
2023-03-08,7.645413392139851
2023-03-09,7.5266317399113944
2023-03-10,6.638234805358692
2023-03-13,6.67032633637703
2023-03-14,7.324104341146324
2023-03-15,7.5424012439302786
2023-03-16,8.995373227148797
2023-03-17,9.779003959792696
2023-03-20,10.053835307461476
2023-03-21,10.49543183142626
2023-03-22,12.914241395418117
2023-03-23,14.697057665049307
2023-03-24,17.143042949137204
2023-03-27,21.20497706814578
2023-03-28,23.715365250515276
2023-03-29,27.015773465089552
2023-03-30,28.88098926826556
2023-03-31,29.577608561338153
2023-04-03,30.34621945147458
2023-04-04,29.22874346565521
2023-04-05,30.37946558026377
2023-04-06,29.347713126554154
2023-04-10,28.180319891932896
2023-04-11,27.15968449577972
2023-04-12,26.278508045582775
2023-04-13,25.2393275330704
2023-04-14,24.042169346292162
2023-04-17,23.1588122715282
2023-04-18,21.610377858997772
2023-04-19,20.015958972761837
2023-04-20,18.01781776420483
2023-04-21,16.074260447021793
2023-04-24,14.108648701923109
2023-04-25,10.777442943382525
2023-04-26,9.995826832546655
2023-04-27,8.660225904148241
2023-04-28,7.934486995539984
2023-05-01,7.066968502514285
2023-05-02,6.062298740405474
2023-05-03,5.660678809753939
2023-05-04,6.138896363485095
2023-05-05,7.1308638962599815
2023-05-08,8.191610335671875
2023-05-09,8.403207438122315
2023-05-10,10.35855442061542
2023-05-11,11.808012273980324
2023-05-12,13.284696423531386
2023-05-15,14.842705085524592
2023-05-16,15.350532697749998
2023-05-17,16.488812921318647
2023-05-18,17.021332442195323
2023-05-19,17.72697793947375
2023-05-22,18.296404902549035
2023-05-23,18.825619333330216
2023-05-24,19.072349491516903
2023-05-25,19.27447445109385
2023-05-26,19.72904588007261
2023-05-30,19.976047599085106
2023-05-31,19.979455646210553
2023-06-01,19.807535016246803
2023-06-02,20.452863381122256
2023-06-05,20.19991466203446
2023-06-06,20.777716558771445
2023-06-07,21.476887337940546
2023-06-08,21.336843110859895
2023-06-09,21.380711151110496
2023-06-12,21.36435688874517
2023-06-13,21.369443497788637
2023-06-14,21.129272887038006
2023-06-15,21.19012110348134
2023-06-16,21.894652674773546
2023-06-20,22.017742298439124
2023-06-21,22.507199728138573
2023-06-22,22.509246886636312
2023-06-23,21.831544279052785
2023-06-26,21.544993504235755
2023-06-27,20.346296503196797
2023-06-28,19.611088974016987
2023-06-29,18.237661914243922
2023-06-30,16.831887615591874
2023-07-03,15.878900763749279
2023-07-05,15.139163784360122
2023-07-06,14.110012904299552
2023-07-07,13.191474198373832
2023-07-10,10.572605273835663
2023-07-11,8.533615060609101
2023-07-12,7.312328879837075
2023-07-13,4.476324993735837
2023-07-14,3.7722908308875134
2023-07-17,3.5370714103677656
2023-07-18,2.0682120126964705
2023-07-19,1.134332847150496
2023-07-20,-0.4430947889490682
2023-07-21,-2.043606699468434
2023-07-24,-1.6494978315588895
2023-07-25,-1.5124348206809586
2023-07-26,0.18314811303574174
2023-07-27,1.1952156711827513
2023-07-28,1.4405061084776207
2023-07-31,2.4736035522262085
2023-08-01,2.9295395385001584
2023-08-02,2.9780246360825444
2023-08-03,3.3995195721074367
2023-08-04,3.8631489679725775
2023-08-07,3.3795143746277816
2023-08-08,3.603219776940506
2023-08-09,3.723657651030898
2023-08-10,3.6156411371114316
2023-08-11,4.663512839095382
2023-08-14,4.4433069742619296
2023-08-15,5.315829238575063
2023-08-16,6.405676724581596
2023-08-17,8.282971060829567
2023-08-18,12.408083187402013
2023-08-21,16.16070463492015
2023-08-22,19.32579076425874
2023-08-23,21.983282573660325
2023-08-24,23.473325529779345
2023-08-25,25.15180952046128
2023-08-28,26.46394270648615
2023-08-29,27.151805515083286
2023-08-30,27.273617001713657
2023-08-31,27.108058003177124
2023-09-01,27.17516918953717
2023-09-05,26.85451961019438
2023-09-06,26.102809312567434
2023-09-07,24.68086826585372
2023-09-08,23.5475545253975
2023-09-11,22.437163882622862
2023-09-12,21.363612527332528
2023-09-13,20.211009636631907
2023-09-14,19.82865402120359
2023-09-15,19.422976718728172
2023-09-18,19.341458903154738
2023-09-19,19.211808995131804
2023-09-20,18.884679085527345
2023-09-21,18.326015911712005
2023-09-22,17.462788623573154
2023-09-25,16.3160833943789
2023-09-26,15.025900871500454
2023-09-27,13.631758433658462
2023-09-28,12.136141767549127
2023-09-29,11.068734922420624
2023-10-02,9.599763598229309
2023-10-03,8.290707938256745
2023-10-04,6.610296205000985
2023-10-05,5.2381302026823775
2023-10-06,4.343728320962974
2023-10-09,2.9240709496250545
2023-10-10,1.9180052837430281
2023-10-11,1.681286629671078
2023-10-12,1.9894056469572376
2023-10-13,1.8325025401158825
2023-10-16,1.8513629490133852
2023-10-17,2.5318819183705443
2023-10-18,2.2621009897119464
2023-10-19,2.647557910164686
2023-10-20,3.4762589251439806
2023-10-23,3.821550941310754
2023-10-24,4.912378942498151
2023-10-25,6.0474748480244855
2023-10-26,6.867017664014547
2023-10-27,7.598326112752659
2023-10-30,8.5436907194619
2023-10-31,9.178847542699025
2023-11-01,9.094517949344286
2023-11-02,9.531644501418171
2023-11-03,9.600887725527372
2023-11-06,10.129969772029881
2023-11-07,10.641487047016867
2023-11-08,10.839238018333404
2023-11-09,11.120802418358743
2023-11-10,11.427917484363697
2023-11-13,12.052704946166173
2023-11-14,12.897479595363166
2023-11-15,13.821427958743058
2023-11-16,14.237851646329098
2023-11-17,15.188213525739492
2023-11-20,16.074890902826795
2023-11-21,17.206748445372128
2023-11-22,18.09450581113385
2023-11-24,18.849032096825724
2023-11-27,19.598662835560383
2023-11-28,20.134495043824657
2023-11-29,20.501124141828434
2023-11-30,21.056199258909437
2023-12-01,21.16052982818504
2023-12-04,20.456441705035644
2023-12-05,20.156085550864077
2023-12-06,19.462505792009004
2023-12-07,18.44273267216694
2023-12-08,16.92586016972978
2023-12-11,14.787768446106277
2023-12-12,11.630735194363687
2023-12-13,7.34978447726062
2023-12-14,2.8841369549033686
2023-12-15,-1.7744234572285151
2023-12-18,-6.042087262589831
2023-12-19,-10.787653687931453
2023-12-20,-16.4600953334609
2023-12-21,-20.682829859776305
2023-12-22,-22.716340650301262
2023-12-26,-25.244553123503138
2023-12-27,-27.22575904256503
2023-12-28,-28.95900197717542
2023-12-29,-29.79750520677264
2024-01-02,-32.096079132562
2024-01-03,-28.676172208617373
2024-01-04,-25.95808405734691
2024-01-05,-22.921680385328372
2024-01-08,-22.208937132054288
2024-01-09,-20.873609914382612
2024-01-10,-20.31395506881948
2024-01-11,-18.68994419256213
2024-01-12,-16.572557301516298
2024-01-16,-15.903419639013748
2024-01-17,-13.777122009970526
2024-01-18,-12.519844875561049
2024-01-19,-11.753297002874902
2024-01-22,-8.455958227855717
2024-01-23,-6.750001316932632
2024-01-24,-6.818654590904764
2024-01-25,-5.58902267208569
2024-01-26,-4.972993303660246
2024-01-29,-3.834428443112543
2024-01-30,-3.228484375524637
2024-01-31,-0.9105083358941357
2024-02-01,0.9508997029737785
2024-02-02,0.43248222639868317
2024-02-05,0.6335578885398689
2024-02-06,1.842759705800752
2024-02-07,4.030952614680828
2024-02-08,6.831203076663819
2024-02-09,14.230736579324073
2024-02-12,16.045894385257597
2024-02-13,17.785364718029136
2024-02-14,20.54089440345573
2024-02-15,23.12281033905918
2024-02-16,26.780163715207113
2024-02-20,31.894507203035452
2024-02-21,33.9071879994195
2024-02-22,33.809027313134735
2024-02-23,34.168413264364894
2024-02-26,33.7985302342826
2024-02-27,34.39952609329346
2024-02-28,37.314873320532065
2024-02-29,38.232813925527076
2024-03-01,38.56646594083053
2024-03-04,38.625679192442384
2024-03-05,39.4339581488681
2024-03-06,41.15058250474913
2024-03-07,42.09142649792727
2024-03-08,43.58315937482127
2024-03-11,44.60449786890799
2024-03-12,45.627744252984996
2024-03-13,47.22403108334977
2024-03-14,48.194547972311135
2024-03-15,49.54153538083466
2024-03-18,49.80316844120337
2024-03-19,48.55859803365753
2024-03-20,50.04802829445393
2024-03-21,48.36729799722782
2024-03-22,47.281806632892234
2024-03-25,45.62934394355549
2024-03-26,44.39484404199315
2024-03-27,43.44566923172762
2024-03-28,41.27003406325846
2024-04-01,38.40332624634999
2024-04-02,36.691791431161036
2024-04-03,36.09030346952591
2024-04-04,35.67145958338321
2024-04-05,36.334956993268705
2024-04-08,36.22514296092157
2024-04-09,36.76934044411772
2024-04-10,36.51380450748535
2024-04-11,36.80291747365197
2024-04-12,36.061237997707835
2024-04-15,36.02349921168187
2024-04-16,35.33925435267916
2024-04-17,35.17621097271993
2024-04-18,35.784511415090904
2024-04-19,38.30963848908207
2024-04-22,39.50099921883319
2024-04-23,40.61444475107692
2024-04-24,40.68543435353439
2024-04-25,39.18395680855268
2024-04-26,37.51269937426984
2024-04-29,36.42486624007459
2024-04-30,34.587139784034036
2024-05-01,33.69183677573788
2024-05-02,32.48015013279488
2024-05-03,31.326147264269174
2024-05-06,30.29228809157684
2024-05-07,28.34527245265334
2024-05-08,27.593147261753288
2024-05-09,26.165615200395166
2024-05-10,25.27208265043847
2024-05-13,24.394576444120673
2024-05-14,23.104501819768792
2024-05-15,22.6629312334381
2024-05-16,21.10207188484771
2024-05-17,20.51103245532753
2024-05-20,20.00270728444638
2024-05-21,19.91739811547528
2024-05-22,19.353237969509806
2024-05-23,18.976694691357174
2024-05-24,18.933335949680497
2024-05-28,19.54298768091943
2024-05-29,19.759593786793786
2024-05-30,20.183486659546034
2024-05-31,20.13509196862907
2024-06-03,19.973879613770784
2024-06-04,20.3699181282496
2024-06-05,19.674814893284882
2024-06-06,19.09132683502751
2024-06-07,17.874463898599423
2024-06-10,17.5906231055559
2024-06-11,19.579718349016694
2024-06-12,22.661006004648733
2024-06-13,27.41765305229969
2024-06-14,31.644890822430437
2024-06-17,34.66555666204721
2024-06-18,36.61770276560529
2024-06-20,37.90310011544416
2024-06-21,39.60975356267798
2024-06-24,41.937071903507984
2024-06-25,43.28084834717018
2024-06-26,44.918148495487046
2024-06-27,46.624535702954056
2024-06-28,48.51261674244002
2024-07-01,50.827126331920375
2024-07-02,53.43539915683007
2024-07-03,55.935335368654506
2024-07-05,58.67288301765619
2024-07-08,59.68982996936002
2024-07-09,61.37469699637107
2024-07-10,63.20799349248152
2024-07-11,65.40493668638491
2024-07-12,68.56216254030059
2024-07-15,70.57415473677969
2024-07-16,72.84409994515494
2024-07-17,74.79260688970368
2024-07-18,74.58246010345383
2024-07-19,73.90254137009285
2024-07-22,73.74595433310685
2024-07-23,73.68974528489561
2024-07-24,74.78063436502184
2024-07-25,75.29125119077953
2024-07-26,75.7321232981821
2024-07-29,74.09412733938424
2024-07-30,73.45147294363827
2024-07-31,70.82034958663276
2024-08-01,70.71159484838806
2024-08-02,69.55609057576596
2024-08-05,63.528889020374116
2024-08-06,61.324535414173816
2024-08-07,59.967622940987454
2024-08-08,58.412538231608536
2024-08-09,56.05037045594059
2024-08-12,52.763669489711134
2024-08-13,50.38759587963558
2024-08-14,45.53131875231665
2024-08-15,39.2617164442012
2024-08-16,33.22764811204011
2024-08-19,24.443173453439144
2024-08-20,12.433095743708307
2024-08-21,1.1867141296571617
2024-08-22,-9.868423881277224
2024-08-23,-13.369600601416863
2024-08-26,-14.372799649029602
2024-08-27,-15.65059222614957
2024-08-28,-18.749180442020815
2024-08-29,-20.200142682682213
2024-08-30,-23.858819188662693
2024-09-03,-29.807746135538622
2024-09-04,-34.55692092107002
2024-09-05,-38.125451942198666
2024-09-06,-36.031979580719636
2024-09-09,-34.856502899765076
2024-09-10,-34.140604032621255
2024-09-11,-32.93223098712184
2024-09-12,-33.62206813821602
2024-09-13,-31.788144401048584
2024-09-16,-30.234255873463013
2024-09-17,-29.823053070034277
2024-09-18,-28.474612028756198
2024-09-19,-29.494333660533698
2024-09-20,-26.25240899534448
2024-09-23,-26.388496612834814
2024-09-24,-25.488319884493663
2024-09-25,-24.29894607785316
2024-09-26,-23.934966981097148
2024-09-27,-22.575436188165796
2024-09-30,-22.08078800394216
2024-10-01,-21.609470562378775
2024-10-02,-20.974397113926386
2024-10-03,-18.874148626815654
2024-10-04,-14.3988650975285
2024-10-07,-9.588505850263303
2024-10-08,-4.959427428121614
2024-10-09,-0.48681938455703744
2024-10-10,3.4766311892061523
2024-10-11,6.465787853439288
2024-10-14,10.530998346723898
2024-10-15,15.006463872429002
2024-10-16,22.139515640508137
2024-10-17,29.133085733724634
2024-10-18,36.34023905904296
2024-10-21,39.62196688039909
2024-10-22,42.123645896617475
2024-10-23,42.79990949767143
2024-10-24,43.28494093679515
2024-10-25,44.31148823443853
2024-10-28,42.435684706150425
2024-10-29,36.291473240665994
2024-10-30,30.795718797219457
2024-10-31,25.95507276359941
2024-11-01,20.96852629901521
2024-11-04,15.892434119076384
2024-11-05,11.745046793314451
2024-11-06,8.60453480286749
2024-11-07,3.4679220681937863
2024-11-08,-1.443596613120306
2024-11-11,-5.1682598534703885
2024-11-12,-9.116070348396462
2024-11-13,-13.02186410558565
2024-11-14,-17.57599040226785
2024-11-15,-18.84098130530292
2024-11-18,-20.29140854494372
2024-11-19,-19.653641609787726
2024-11-20,-18.568656950879998
2024-11-21,-17.868115896982175
2024-11-22,-17.873305550610183
2024-11-25,-18.028866652564403
2024-11-26,-17.261912669459846
2024-11-27,-16.826874527714956
2024-11-29,-16.90618272862841
2024-12-02,-18.299101516569827
2024-12-03,-18.863860107022006
2024-12-04,-20.147854388530874
2024-12-05,-20.85104565470455
2024-12-06,-20.847521496060423
2024-12-09,-22.316790928386467
2024-12-10,-23.07390108500873
2024-12-11,-21.908865083694437
2024-12-12,-21.087309265546338
2024-12-13,-20.13251840415593
2024-12-16,-19.195083304550735
2024-12-17,-16.32399886488288
2024-12-18,-13.412172957724223
2024-12-19,-9.71381649248697
2024-12-20,-6.488764033620328
2024-12-23,-3.302714522120297
2024-12-24,-0.2899382063499871
2024-12-26,2.2556046697425955
2024-12-27,4.550060330711737
2024-12-30,6.450751222666902
2024-12-31,8.227238514007759
